Plate,Position,Genotype,Weighted mean of relative MSD,Standard error of relative MSD,Number of replicates for MSD,Relative colony area mean,Relative colony area standard error,Relative front roughness mean,Relative front roughness standard error,Relative growth layer depth mean,Relative growth layer depth standard error,Relative colony thickness mean,Relative colony thickness standard error,Number of replicates for phenotypic traits,Cell major axis,Cell minor axis,Cell aspect ratio,Cell major axis standard error,Cell minor axis standard error,Cell volume,Cell surface area
DE1,0,WT,1.035234556,0.094790195,3,0.987920084,0.01366015,1.04409552,0.01157054,1.014740275,0.012859388,0.967123799,1.44E-06,3,nan,nan,nan,nan,nan,nan,nan
DE1,1,ada,1.061745788,0.148265595,2,,,,,,,,,1,34.49941736,11.60383801,2.973104014,nan,nan,3091.99929,1213.268021
DE1,2,soxR,0.82403625,0.107273603,2,,,,,,,,,1,42.61707438,11.61108841,3.670377217,nan,nan,3905.44226,1498.084645
DE1,3,uxuR,nan,nan,0,,,,,,,,,0,37.977581,12.49707511,3.038917559,nan,nan,3935.493384,1432.305253
DE1,4,sdhA,0.963309897,0.102797194,3,0.75382587,0.010467555,1.467824467,0.019904511,1.169008246,0.03269613,0.984903359,1.70E-06,3,36.9396052,12.32637092,2.996794875,nan,nan,3791.326819,1394.437029
DE1,5,xapR,nan,nan,1,,,,,,,,,0,38.99719191,11.93733405,3.266825887,nan,nan,3760.686007,1416.363212
DE1,6,envR,nan,nan,1,,,,,,,,,0,37.88249733,11.86022506,3.19407913,nan,nan,3577.664539,1362.769591
DE1,7,stpA,0.799070956,0.105902425,3,,,,,,,,,1,38.97665347,11.44028918,3.406964007,nan,nan,3451.407218,1353.36787
DE1,8,tdcA,nan,nan,1,,,,,,,,,1,34.53587985,11.68305949,2.956064708,nan,nan,3112.125026,1217.777471
DE1,9,fadR,nan,nan,1,,,,,,,,,1,37.93384823,11.02840255,3.439650308,nan,nan,3129.974937,1267.654388
DE1,10,treR,nan,nan,1,,,,,,,,,0,35.07040402,11.96695612,2.930603544,nan,nan,3352.896556,1277.588358
DE1,11,cynR,nan,nan,0,,,,,,,,,0,34.68837783,12.27273128,2.826459494,nan,nan,3447.678055,1289.11125
DE1,12,WT,1.046513417,0.117792899,2,,,,,,,,,1,nan,nan,nan,nan,nan,nan,nan
DE1,13,nuoJ,1.018389103,0.100770725,3,,,,,,,,,1,35.46264659,11.66312778,3.040577731,nan,nan,3223.764875,1256.637297
DE1,14,glk,0.873828931,0.165897481,2,,,,,,,,,1,34.70316552,11.64826131,2.979257127,nan,nan,3126.4397,1226.928165
DE1,15,evgA,0.809426288,0.096419227,2,,,,,,,,,1,32.51999077,11.71466743,2.776006315,nan,nan,2939.606514,1153.315007
DE1,16,gnd,1.055191669,0.124416837,2,0.68015065,0.014214077,1.540061142,0.027347035,1.428982815,0.044014196,1.042557418,2.07E-06,2,37.49357429,10.97605531,3.415942543,nan,nan,3083.759081,1249.765331
DE1,17,aceA,nan,nan,0,,,,,,,,,0,34.74937494,11.2922873,3.07726628,nan,nan,2931.381184,1180.735535
DE1,18,kdpD,nan,nan,0,,,,,,,,,0,35.25930538,11.97668648,2.943995022,nan,nan,3384.819056,1285.101753
DE1,19,nuoG,1.015994214,0.134782291,3,0.704107473,0.014723678,1.14612038,0.019170666,0.994703535,0.030004706,0.925708263,1.68E-06,2,36.52340425,11.240477,3.249275297,nan,nan,3117.157989,1246.790171
DE1,20,rstA,0.602760947,0.078830192,2,0.733917642,0.010806086,0.711563073,0.009105504,1.267088567,0.023344823,1.038810632,2.01E-06,2,44.63267911,11.49561578,3.882582714,nan,nan,4070.404476,1563.067437
DE1,21,rstB,nan,nan,1,,,,,,,,,1,35.36847683,11.64411121,3.037456116,nan,nan,3250.494838,1261.104669
DE1,22,basR,0.77059387,0.106624021,2,0.892346468,0.013098961,0.97052823,0.011718376,1.07921158,0.024896971,0.974526139,1.73E-06,2,34.09182418,11.84178351,2.878943373,nan,nan,3205.544979,1232.471657
DE1,23,treA,1.000038926,0.123707134,3,1.029750027,0.014276847,1.032845427,0.012587256,1.498520621,0.071387196,1.03539906,1.40E-06,3,35.44878688,11.50186757,3.082002697,nan,nan,3161.88142,1243.713376
DE1,24,WT,1.061257367,0.131262856,2,1.023171598,0.015022467,1.06982341,0.013164192,1.120635364,0.016582944,1.010708669,1.73E-06,2,nan,nan,nan,nan,nan,nan,nan
DE1,25,dld,nan,nan,1,,,,,,,,,1,38.02553096,12.11282375,3.139278814,nan,nan,3727.873585,1394.226199
DE1,26,ackA,0.576936335,0.058143982,3,0.70214296,0.009797147,0.796699995,0.00707077,1.09082342,0.009400312,1.069403638,1.71E-06,3,36.41251861,11.90249739,3.059233487,nan,nan,3460.602762,1316.90992
DE1,27,yfdV,1.053339184,0.144281467,2,0.860071165,0.017854487,1.073725104,0.015154533,1.065909962,0.024732618,1.039596811,1.86E-06,2,36.88802894,11.64370292,3.168066824,nan,nan,3390.976409,1311.769807
DE1,28,cydB,0.419099575,0.063790187,3,0.535478968,0.007510335,0.591371043,0.006646803,1.807197482,0.021361187,1.140506432,2.09E-06,3,29.97381572,11.07210202,2.707147719,nan,nan,2397.609396,1003.16769
DE1,29,ypdI,1.075550633,0.123395411,2,0.881347984,0.012944359,1.244175655,0.018742823,1.024902651,0.01565484,1.023512363,1.85E-06,2,32.32218925,12.01737398,2.689621651,nan,nan,3089.558359,1184.542416
DE1,30,uhpB,nan,nan,1,,,,,,,,,0,35.68672692,11.55016892,3.08971472,nan,nan,3214.359416,1258.901351
DE1,31,lamB,nan,nan,1,,,,,,,,,1,31.07210046,11.81933593,2.628921003,nan,nan,2860.389541,1118.708004
DE1,32,dacA,0.319084173,0.051807132,2,,,,,,,,,0,38.78160032,12.3287773,3.145616096,nan,nan,3980.778872,1452.269714
DE1,33,potH,nan,nan,1,,,,,,,,,1,35.34331281,11.68199373,3.02545213,nan,nan,3250.772176,1259.570248
DE1,34,glpX,0.977330719,0.114212728,3,0.829194221,0.017257923,0.914300086,0.012155109,1.300719618,0.041967469,1.017627974,1.77E-06,2,30.27004908,10.87379836,2.783760382,nan,nan,2318.306582,985.2198264
DE1,35,nlpD,1.281127998,0.182820829,2,1.183303447,0.020093373,1.057261706,0.013377026,1.081001277,0.037467692,0.98153332,1.65E-06,2,37.02227354,11.89152174,3.113333544,nan,nan,3523.570498,1337.566871
DE1,36,WT,0.977458481,0.097805095,3,0.997265149,0.0137895,0.995694162,0.010164798,0.958136313,0.011957317,1.037587405,1.48E-06,3,nan,nan,nan,nan,nan,nan,nan
DE1,37,htpX,1.139418973,0.153583931,2,,,,,,,,,1,31.48371991,12.10210344,2.601508082,nan,nan,3035.905604,1161.536502
DE1,38,pepQ,1.087675185,0.178454087,2,,,,,,,,,1,34.152533,11.51523657,2.965855959,nan,nan,3035.985673,1197.21625
DE1,39,hyfR,nan,nan,1,,,,,,,,,1,32.53811204,11.53807857,2.82006331,nan,nan,2896.281366,1147.423541
DE1,40,iadA,1.07047111,0.14811148,2,0.652035265,0.013690479,1.016530105,0.015660203,0.982067207,0.019374126,1.036509986,2.04E-06,2,32.76765112,11.85882078,2.763145824,nan,nan,3044.276426,1179.594029
DE1,41,recA,0.23940528,0.039862646,2,0.453771178,0.006879326,0.301432834,0.003687551,1.703919266,0.016945361,1.099206807,2.65E-06,2,36.25767955,12.1860033,2.975354484,nan,nan,3633.561176,1348.812226
DE1,42,hisH,nan,nan,0,,,,,,,,,0,34.4552203,11.53524099,2.986952793,nan,nan,3081.537793,1213.427232
DE1,43,yfjL,0.857903011,0.101436057,3,0.663464097,0.009225009,1.008604464,0.012583823,1.322521595,0.027409633,1.087292189,1.77E-06,3,37.58358185,11.11594469,3.381051534,nan,nan,3176.315829,1274.272452
DE1,44,yebO,nan,nan,0,,,,,,,,,0,32.65880344,12.25998211,2.663854086,nan,nan,3239.135165,1219.227231
DE1,45,yfhM,0.978653519,0.09932288,3,0.92169056,0.01278323,1.096828388,0.012040933,0.982578175,0.016611167,1.050351,1.48E-06,3,33.38168821,12.17372749,2.742109041,nan,nan,3286.029315,1238.96903
DE1,46,ycjY,0.889183925,0.143643426,2,0.858893474,0.011951033,1.125892415,0.012566984,1.035432296,0.018784409,1.020016272,1.56E-06,3,41.73663318,13.20842695,3.159848885,nan,nan,4879.176092,1672.173739
DE1,47,ydaC,1.041050795,0.15643481,2,,,,,,,,,1,41.46767187,12.92806855,3.207568998,nan,nan,4713.465208,1637.551856
DE1,48,WT,1.090280196,0.139607162,2,1.033786428,0.015133943,1.036370216,0.013642291,1.077392554,0.025626782,1.020861693,1.69E-06,2,nan,nan,nan,nan,nan,nan,nan
DE1,49,ybiA,nan,nan,1,,,,,,,,,0,42.68018371,11.9841037,3.561399733,nan,nan,4166.016631,1550.455365
DE1,50,ylbA,1.121563377,0.131193949,2,0.728422789,0.015173634,1.054817315,0.016242683,1.050364282,0.019365348,1.045383945,2.04E-06,2,39.74847956,12.5289275,3.172536482,nan,nan,4194.527325,1511.396316
DE1,51,ybjD,0.784534303,0.080601099,3,0.880996044,0.012208476,1.17757505,0.013685864,0.997297109,0.011210483,1.040901729,1.56E-06,3,38.25644921,13.11848348,2.916224979,nan,nan,4367.076328,1522.218934
DE1,52,yagZ,1.059450275,0.130288155,2,,,,,,,,,1,41.03482407,12.85427702,3.192308987,nan,nan,4579.017327,1605.987667
DE1,53,ybcI,1.092085785,0.12385567,3,0.905142297,0.012546268,1.067684456,0.011551981,1.070795968,0.016937224,1.023521333,1.51E-06,3,41.23684494,13.58500977,3.035466713,nan,nan,5111.861178,1706.628223
DE1,54,yagJ,1.032637349,0.098772072,3,0.870308867,0.018065823,0.984686396,0.013752383,1.088734635,0.021104651,1.072159199,1.88E-06,2,38.36096928,13.22194758,2.901310041,nan,nan,4429.400006,1533.858366
DE1,55,ybaN,0.983934054,0.116566892,3,0.709820307,0.009857857,0.941304032,0.010295231,1.076326853,0.017481511,1.077481827,1.71E-06,3,41.22104131,12.74320807,3.234745998,nan,nan,4564.607992,1606.436631
DE1,56,ybbD,1.048101627,0.11940606,3,0.878619047,0.012219345,1.00145918,0.01146216,1.023351175,0.019064336,0.942688634,1.38E-06,3,40.40356372,12.39802863,3.258870014,nan,nan,4199.828525,1523.18207
DE1,57,yejK,nan,nan,0,,,,,,,,,0,44.27751015,13.04854189,3.393291796,nan,nan,5174.95664,1770.581999
DE1,58,ycgB,0.790520544,0.123001552,2,,,,,,,,,1,42.00696286,12.43251096,3.378799585,nan,nan,4425.878821,1590.179602
DE1,59,yafT,nan,nan,0,,,,,,,,,0,34.6523413,13.48151547,2.570359496,nan,nan,4085.378172,1413.970221
DE1,60,WT,0.933763664,0.100034298,2,0.943932609,0.013819426,1.1109711,0.014517927,1.016091593,0.020546307,1.010760367,1.80E-06,2,nan,nan,nan,nan,nan,nan,nan
DE1,61,yafO,nan,nan,1,,,,,,,,,1,34.18696445,13.43404479,2.54480054,nan,nan,3998.425295,1390.506579
DE1,62,yphA,0.993332497,0.111721607,3,0.808760005,0.01121307,1.143551473,0.013078258,0.994324547,0.017220727,1.056130588,1.63E-06,3,42.46893786,13.18611046,3.220732755,nan,nan,5011.583385,1711.14048
DE1,63,ydiU,nan,nan,0,,,,,,,,,0,42.49107871,12.7021052,3.345199716,nan,nan,4668.031389,1645.98803
DE1,64,ybjE,1.194427802,0.128926623,3,0.817708986,0.011376453,0.869917074,0.009232034,1.072532201,0.014054061,1.036299448,1.54E-06,3,41.80512363,13.25630018,3.153604178,nan,nan,4950.574862,1687.005516
DE1,65,yeaA,nan,nan,0,,,,,,,,,0,33.43584324,13.23714746,2.525910008,nan,nan,3798.255813,1338.899399
DE1,66,btuF,nan,nan,0,,,,,,,,,0,38.57945605,13.19862964,2.922989515,nan,nan,4479.488722,1548.62785
DE1,67,yeiH,nan,nan,0,,,,,,,,,0,41.87465115,13.60635121,3.077581235,nan,nan,5261.705137,1746.555973
DE1,68,yafP,nan,nan,0,,,,,,,,,0,38.716578,12.95708799,2.988061671,nan,nan,4306.673764,1517.241981
DE1,69,ddpX,0.613374737,0.071465915,3,0.61879606,0.008669432,0.42493976,0.004627646,1.559044197,0.024035036,1.094076538,1.72E-06,3,46.19912929,13.38010972,3.452821408,nan,nan,5672.822465,1893.511312
DE1,70,rsxA,1.061639782,0.115966128,3,0.97726938,0.020297864,0.799615173,0.009962902,1.087888501,0.021339322,1.018860288,1.66E-06,2,39.62763317,13.12793491,3.018573252,nan,nan,4557.449911,1577.459698
DE1,71,ycbB,1.110249544,0.14168851,3,1.037246866,0.014364182,0.997567694,0.010154893,0.883594654,0.025271062,0.961701773,1.31E-06,3,39.64272579,12.84505615,3.086224407,nan,nan,4403.46505,1551.747568
DE1,72,WT,0.935596459,0.09328775,3,0.986650918,0.013653009,0.921472591,0.009310867,0.939995119,0.013256031,1.035719991,1.49E-06,3,nan,nan,nan,nan,nan,nan,nan
DE1,73,ybdB,nan,nan,1,,,,,,,,,0,34.26488129,12.19541714,2.809652256,nan,nan,3360.737271,1266.153147
DE1,74,yehZ,nan,nan,1,,,,,,,,,0,36.32126654,11.93661402,3.042845021,nan,nan,3424.017537,1307.180046
DE1,75,yfcG,1.018929163,0.107079124,3,0.867892972,0.012003853,1.131516946,0.013411634,0.948987636,0.011965948,0.99554214,1.46E-06,3,29.11461408,12.34681937,2.358065928,nan,nan,2828.429,1084.262568
DE1,76,ycaO,nan,nan,1,,,,,,,,,0,35.50419386,12.68224872,2.799518812,nan,nan,3773.890951,1366.094856
DE1,77,yfeT,1.01970907,0.124920275,3,0.877241832,0.012137102,1.171056972,0.014753862,1.116654864,0.026999801,1.031984961,1.52E-06,3,31.23685879,12.36690383,2.525843106,nan,nan,3094.425242,1168.917174
DE1,78,ybgC,0.501754349,0.073302915,3,0.643789385,0.009018661,0.493032478,0.005659406,1.084002469,0.013580353,1.087267734,1.76E-06,3,53.81832881,12.84818569,4.188788216,nan,nan,6215.53376,2118.021397
DE1,79,yfhH,nan,nan,0,,,,,,,,,0,32.95881231,12.44958437,2.647382541,nan,nan,3320.022535,1237.765703
DE1,80,ygbM,nan,nan,0,,,,,,,,,0,36.69585082,12.45298082,2.946752377,nan,nan,3813.154882,1393.342203
DE1,81,yfgA,nan,nan,0,,,,,,,,,0,46.80783889,11.54494528,4.054401105,nan,nan,4343.379726,1652.858495
DE1,82,ygbJ,1.027941475,0.11956967,3,0.999999164,0.013845621,1.02276943,0.011515905,1.245542089,0.032034985,1.031245712,1.42E-06,3,40.71280234,12.91826396,3.151569164,nan,nan,4594.658237,1606.430454
DE1,83,ydaO,0.904666881,0.124696425,3,0.948193375,0.019831785,1.301629,0.035675176,1.205759912,0.055271143,0.900388135,1.56E-06,2,38.23425867,12.67870306,3.015628529,nan,nan,4111.575885,1472.789395
DE1,84,WT,1.011858337,0.102623028,3,1.001178633,0.013879893,0.976175898,0.012778634,0.979543528,0.016843782,0.932812986,1.39E-06,3,nan,nan,nan,nan,nan,nan,nan
DE1,85,yccM,0.739223132,0.092288989,3,0.707146133,0.00977508,0.660702796,0.008335051,1.19662883,0.023338085,1.039760634,1.67E-06,3,41.73090713,12.57894677,3.317519971,nan,nan,4468.451616,1594.276948
DE1,86,ycjT,0.875996748,0.116973183,2,0.843655296,0.012353592,1.248180972,0.017760233,1.184217752,0.022405114,0.990499541,1.87E-06,2,40.98496014,12.92104388,3.171954257,nan,nan,4618.715468,1614.404676
DE1,87,yqcD,0.797194549,0.097529074,3,0.839142318,0.012353322,1.098892495,0.011050568,1.167088987,0.031355404,0.951489112,1.85E-06,2,42.14899601,12.58781302,3.348397051,nan,nan,4514.612253,1609.94499
DE1,88,ydiP,1.04179364,0.11204753,3,1.064655664,0.014805843,1.047496249,0.011182306,0.96454894,0.017199753,1.002142701,1.39E-06,3,41.94942076,12.67757584,3.308946544,nan,nan,4572.16054,1619.814065
DE1,89,yaiX,1.125478832,0.163616814,2,0.929356288,0.013619251,1.025360766,0.013313894,1.236622404,0.036118965,0.998949934,1.75E-06,2,41.06278268,13.88456167,2.957441772,nan,nan,5326.754777,1742.193558
DE1,90,ybaE,0.556991018,0.081144335,2,,,,,,,,,1,47.87088429,13.85281817,3.455678383,nan,nan,6259.98039,2019.940225
DE1,91,mntR,1.248063764,0.209406437,3,0.855000757,0.01182387,0.989150565,0.008310504,0.924089308,0.024678261,0.917405004,1.33E-06,3,54.15484437,13.67434907,3.960323384,nan,nan,7030.962233,2263.462884
DE1,92,ybhN,nan,nan,0,,,,,,,,,0,43.72520186,13.76011088,3.177678018,nan,nan,5605.635072,1837.178872
DE1,93,ybeX,1.166283435,0.127200957,3,0.919791111,0.012730413,1.338084225,0.012853989,1.262849038,0.042838954,1.000401626,1.53E-06,3,43.35441135,14.19282001,3.054672104,nan,nan,5907.44122,1883.211583
DE1,94,ycaC,nan,nan,0,,,,,,,,,0,46.93650709,13.96872979,3.360112752,nan,nan,6341.833893,2015.842422
DE1,95,ybaK,nan,nan,0,,,,,,,,,0,46.11795949,14.25104635,3.236110412,nan,nan,6396.133032,2014.709562
DE2,0,ybgJ,1.038850668,0.211200858,2,,,,,,,,,0,46.61983544,13.98746528,3.332972378,nan,nan,6215.591429,1991.726464
DE2,1,wcaI,0.423220835,0.249567198,2,0.871188208,0.014291451,1.613953522,0.021893854,2.008608136,0.271133946,1.005978674,1.91E-06,2,38.05960569,13.58559744,2.801467206,nan,nan,4640.364111,1567.544356
DE2,2,yqjB,nan,nan,1,,,,,,,,,1,39.36505342,14.2187574,2.768529788,nan,nan,5280.448957,1704.80919
DE2,3,WT,1.126844555,0.143458641,3,0.960403485,0.016234911,1.142863826,0.010097865,0.963304757,0.015380529,0.970238235,1.85E-06,2,nan,nan,nan,nan,nan,nan,nan
DE2,4,yeiT,nan,nan,1,,,,,,,,,0,39.22438805,13.18243356,2.975504323,nan,nan,4577.233778,1575.540976
DE2,5,yhhW,0.906569493,0.204347299,2,,,,,,,,,1,49.56458033,14.09156751,3.517321994,nan,nan,6679.776668,2115.425852
DE2,6,csdA,0.291085149,0.064777154,3,,,,,,,,,0,42.37126445,13.32829177,3.179046887,nan,nan,5086.875837,1721.037972
DE2,7,yajG,nan,nan,1,1.063103837,0.020294029,1.72420076,0.016741048,1.174158624,0.049127534,0.927034393,1.68E-06,2,44.44386042,13.38058264,3.321519071,nan,nan,5351.664137,1797.167868
DE2,8,ybaY,1.128904942,0.183643704,2,0.807859497,0.013669296,1.123467718,0.014223111,1.127234014,0.031980139,0.933082733,2.01E-06,2,47.37458859,14.77621242,3.206138842,nan,nan,6932.435077,2118.830718
DE2,9,iscR,1.301925108,0.276780702,2,,,,,,,,,1,40.31056241,13.12297454,3.071754981,nan,nan,4645.338424,1605.428801
DE2,10,yadC,1.332395199,0.347163784,2,1.152648674,0.021981655,1.698591506,0.019138133,0.942413298,0.033341586,0.939529852,1.61E-06,2,36.73713442,13.829917,2.656352486,nan,nan,4617.874653,1543.530965
DE2,11,yejF,1.315545361,0.203746605,3,0.988393296,0.014077157,1.704876135,0.01453825,1.07280388,0.026876352,0.957643999,1.43E-06,3,44.66808099,13.0811356,3.41469444,nan,nan,5210.165656,1782.840115
DE2,12,ydjF,0.971872241,0.115294874,3,0.960663561,0.013621527,1.363087219,0.013612501,1.106405868,0.022094345,1.034886359,1.59E-06,3,37.99591741,14.08035963,2.698504755,nan,nan,4962.596403,1624.448123
DE2,13,mdtJ,nan,nan,1,,,,,,,,,1,39.42904829,13.66278722,2.885871503,nan,nan,4912.592257,1642.862973
DE2,14,yfgC,0.187699141,0.051134539,3,0.524573013,0.007436832,0.369604039,0.003617501,1.970082203,0.047539335,0.831487782,1.65E-06,3,36.96071464,13.50975988,2.735852819,nan,nan,4444.544757,1518.177078
DE2,15,WT,1.044551563,0.1462136,3,0.91947998,0.013030118,0.963014346,0.010296744,1.0101326,0.014722039,1.003245993,1.53E-06,3,nan,nan,nan,nan,nan,nan,nan
DE2,16,macA,0.529575171,0.071243844,3,0.70168001,0.009942871,0.505345526,0.004449774,1.370691373,0.011276163,1.032845673,1.77E-06,3,40.98526416,13.36134783,3.067449834,nan,nan,4942.793592,1672.893794
DE2,17,nfrA,nan,nan,0,0.681496692,0.01299661,1.458039116,0.019185362,,,1.001187693,2.24E-06,2,46.74528043,14.00406019,3.337980542,nan,nan,6307.345468,2002.293296
DE2,18,yiaK,nan,nan,1,,,,,,,,,1,41.94061083,13.07327474,3.208118216,nan,nan,4860.249813,1673.279758
DE2,19,yeaG,0.843091602,0.140141651,3,0.863693342,0.012246911,0.879989702,0.008923637,1.021454482,0.013929073,0.979888558,1.55E-06,3,46.96782708,13.24803651,3.545267033,nan,nan,5653.685005,1898.421055
DE2,20,ymfH,1.016147707,0.134588896,3,0.895944047,0.012709463,1.964064482,0.021611607,1.107385118,0.021914286,0.988753268,1.54E-06,3,48.01060407,13.24499728,3.624810414,nan,nan,5713.640479,1926.957332
DE2,21,gor,0.926957003,0.157239572,3,0.923362215,0.013100702,0.644436363,0.006701412,1.300897998,0.021695516,1.000042307,1.41E-06,3,47.41814605,13.55816611,3.49738642,nan,nan,5988.424845,1962.924835
DE2,22,ogt,nan,nan,0,,,,,,,,,0,45.83846877,13.0603934,3.509731089,nan,nan,5353.837269,1826.431469
DE2,23,gst,nan,nan,1,,,,,,,,,0,39.44480967,13.87289109,2.843301328,nan,nan,4992.855472,1654.638202
DE2,24,yafU,1.119864268,0.117432496,3,,,,,,,,,1,45.490516,13.57758343,3.350413291,nan,nan,5687.767155,1882.033553
DE2,25,ygjE,nan,nan,1,,,,,,,,,1,40.3422932,13.94437922,2.893086352,nan,nan,5201.967733,1706.986924
DE2,26,ydjL,0.798791914,0.104631248,3,0.848244902,0.012017017,0.574588813,0.004966439,0.942596822,0.009308411,1.04356426,1.65E-06,3,43.80115068,13.68815384,3.199931209,nan,nan,5571.738369,1829.946707
DE2,27,WT,1.09120059,0.126895845,3,1.04220609,0.014766583,0.991835128,0.009622514,0.958187952,0.010676319,1.010905566,1.40E-06,3,nan,nan,nan,nan,nan,nan,nan
DE2,28,yhbQ,nan,nan,1,,,,,,,,,1,41.66696633,13.17023834,3.16372151,nan,nan,4965.671457,1683.924182
DE2,29,yraH,nan,nan,1,,,,,,,,,1,34.5853923,12.31711947,2.807912384,nan,nan,3477.815171,1290.096143
DE2,30,ybdR,1.140213073,0.189606373,3,,,,,,,,,1,46.43270392,13.24932878,3.504532546,nan,nan,5543.680811,1871.390694
DE2,31,xdhB,0.810590385,0.110573058,2,0.962040856,0.016271346,1.057556225,0.013229131,1.063219026,0.014341679,0.972361561,1.74E-06,2,41.95437659,13.13593204,3.193863707,nan,nan,4897.839779,1679.43505
DE2,32,yqfB,1.030927272,0.142569149,3,0.857705058,0.012164052,1.032858522,0.010636036,1.044152621,0.014608914,0.968852189,1.55E-06,3,48.52059519,13.48011794,3.599419191,nan,nan,6007.748941,1991.695745
DE2,33,yghD,0.758300006,0.105727454,3,0.958190901,0.01361459,1.074465428,0.010614932,0.980130076,0.012247727,0.992246342,1.47E-06,3,46.3120264,13.04933494,3.548995151,nan,nan,5419.622215,1847.33401
DE2,34,nlpI,0.8915301,0.105739037,3,0.905509094,0.012903625,0.76397469,0.007866724,1.060036209,0.011754926,0.858101675,1.25E-06,3,54.89755389,11.60611069,4.730056034,nan,nan,5217.085591,1945.528772
DE2,35,yrbC,nan,nan,0,,,,,,,,,0,41.85196319,13.43170244,3.11590905,nan,nan,5076.7689,1709.936998
DE2,36,yhdE,nan,nan,1,,,,,,,,,1,45.60378005,13.51279719,3.374858618,nan,nan,5654.603503,1874.83357
DE2,37,mdtF,1.01043855,0.123102291,2,0.966676824,0.016365882,0.913394552,0.010824628,0.997778893,0.012483193,1.010175893,1.85E-06,2,40.69154343,13.71826399,2.966231255,nan,nan,5084.296407,1693.00402
DE2,38,yhjV,0.773406542,0.081408476,3,0.977071216,0.013841911,0.799219279,0.007728678,1.145961191,0.007561962,0.953461803,1.39E-06,3,39.48328279,12.44680647,3.172161702,nan,nan,4097.873736,1489.122093
DE2,39,WT,1.146394519,0.153360705,3,0.947631707,0.013427968,0.932633569,0.009166995,0.997816877,0.012125795,1.002231995,1.49E-06,3,nan,nan,nan,nan,nan,nan,nan
DE2,40,yhiP,nan,nan,0,,,,,,,,,0,43.1423986,13.16510424,3.277026738,nan,nan,5036.278053,1723.789099
DE2,41,yiaG,nan,nan,1,0.926585148,0.017679418,1.686937759,0.021454571,1.040027511,0.01748738,0.99280324,1.89E-06,2,46.25251111,13.22612394,3.497057137,nan,nan,5503.057262,1859.878894
DE2,42,yicH,0.837217719,0.12609989,2,0.970659741,0.01640896,0.966658515,0.011569787,1.012931348,0.014036539,0.998849088,1.82E-06,2,47.50250702,13.07869119,3.632053569,nan,nan,5578.553461,1895.85277
DE2,43,rmuC,0.92088724,0.134487483,3,,,,,,,,,1,49.16087564,12.90826146,3.808481553,nan,nan,5668.194744,1939.90571
DE2,44,rlmB,nan,nan,1,,,,,,,,,0,42.51003573,13.10451077,3.243923904,nan,nan,4990.259801,1706.468245
DE2,45,ade,nan,nan,0,,,,,,,,,0,51.26462177,13.00400368,3.942218338,nan,nan,6042.184225,2039.896928
DE2,46,yifB,nan,nan,1,,,,,,,,,0,nan,nan,nan,nan,nan,nan,nan
DE2,47,yihT,nan,nan,0,,,,,,,,,0,52.79802572,12.92321353,4.085518327,nan,nan,6180.040732,2092.195395
DE2,48,yihU,1.096393635,0.117737603,3,1.068371353,0.018064595,1.396685328,0.017121974,0.981727144,0.016911836,0.973295586,1.77E-06,2,49.38325978,13.00186666,3.798166914,nan,nan,5810.952907,1969.811788
DE2,49,ompL,nan,nan,0,,,,,,,,,0,46.3372732,13.04436273,3.552283399,nan,nan,5417.890363,1846.259593
DE2,50,hofC,nan,nan,1,,,,,,,,,1,34.49486971,12.57328325,2.743505337,nan,nan,3617.451259,1323.350407
DE2,51,WT,0.886658979,0.146744988,3,1.057367515,0.014982912,0.907129617,0.008394909,0.922954906,0.010930913,1.007866577,1.39E-06,3,nan,nan,nan,nan,nan,nan,nan
DE2,52,dinF,nan,nan,0,,,,,,,,,0,40.37429016,13.30857991,3.033703854,nan,nan,4801.84776,1640.129632
DE2,53,yjjU,1.025367667,0.119477112,3,0.948645892,0.016037179,0.750697342,0.008517062,1.013046092,0.010140366,0.968295494,1.77E-06,2,37.29770242,11.90179497,3.133788014,nan,nan,3583.813224,1357.617392
DE2,54,sbcC,0.825875159,0.100181713,3,,,,,,,,,1,39.18815212,12.03571272,3.255989325,nan,nan,3860.985803,1439.100996
DE2,55,fhuC,1.238066136,0.159964591,3,0.873239345,0.012374735,1.175154237,0.012037605,0.936909475,0.013288046,1.01457966,1.58E-06,3,36.63809992,12.30123334,2.97840866,nan,nan,3726.707573,1376.256166
DE2,56,alkA,0.637166898,0.108147032,2,0.834263522,0.014127426,1.66366381,0.020920923,1.172219183,0.01345111,0.995562111,2.05E-06,2,37.78200155,12.3962444,3.047858718,nan,nan,3913.310707,1429.028025
DE2,57,topB,1.176259734,0.178369616,3,0.958006484,0.0182723,2.023921976,0.027078623,1.1429466,0.040196255,0.962038758,1.73E-06,2,39.8881399,12.71177847,3.137888219,nan,nan,4364.571164,1550.459082
DE2,58,ilvH,1.009637223,0.14164681,2,,,,,,,,,1,44.9832643,12.61859186,3.56484026,nan,nan,4899.394457,1725.323006
DE2,59,trpB,1.118610763,0.105765383,3,1.069411754,0.015183923,1.009806334,0.009801359,0.962123361,0.011567186,0.943945637,1.29E-06,3,38.1651612,12.21797037,3.123690763,nan,nan,3868.620857,1421.704923
DE2,60,argH,1.036817053,0.147809378,3,,,,,,,,,1,46.76612534,12.78836251,3.656928344,nan,nan,5270.23354,1827.047758
DE2,61,caiC,0.844320926,0.091301189,3,0.963042982,0.013645583,1.068814316,0.010444874,1.065888266,0.008567134,1.030692536,1.50E-06,3,40.32897674,12.52300946,3.220390184,nan,nan,4263.434364,1533.816326
DE2,62,speG,1.133622046,0.15211999,3,0.901016815,0.01280666,0.986091155,0.009522522,0.975456191,0.010076857,1.000952537,1.49E-06,3,42.14106846,12.52564655,3.364382692,nan,nan,4516.09966,1606.518422
DE2,63,WT,0.893879075,0.10106366,3,0.954038192,0.013536725,1.004778058,0.00975524,1.00352705,0.008491169,1.000833293,1.48E-06,3,nan,nan,nan,nan,nan,nan,nan
DE2,64,metA,nan,nan,0,,,,,,,,,0,37.83014234,13.29691552,2.845031412,nan,nan,4421.338788,1521.361567
DE2,65,paaA,nan,nan,0,,,,,,,,,0,43.18125973,12.53143823,3.445834305,nan,nan,4623.068628,1646.097574
DE2,66,metH,1.121761585,0.117130048,3,,,,,,,,,0,45.55250453,12.48291154,3.649189084,nan,nan,4894.962364,1739.294464
DE2,67,ybbL,nan,nan,0,,,,,,,,,0,38.10846583,12.00745839,3.173732907,nan,nan,3665.352333,1379.416856
DE2,68,paaB,0.820183919,0.121829846,3,,,,,,,,,1,41.657814,12.65130626,3.29276781,nan,nan,4426.796606,1586.653199
DE2,69,leuA,1.038647861,0.133084951,2,,,,,,,,,1,47.56046364,12.57752394,3.78138526,nan,nan,5205.856847,1826.689883
DE2,70,alr,nan,nan,1,,,,,,,,,1,44.863018,12.03138462,3.728832502,nan,nan,4495.292498,1648.38853
DE2,71,astB,nan,nan,0,,,,,,,,,0,48.06266426,11.34995113,4.234614202,nan,nan,4273.15835,1652.04195
DE2,72,glnA,nan,nan,1,,,,,,,,,1,38.24688415,11.78391379,3.245686013,nan,nan,3589.553814,1368.74938
DE2,73,ccmC,nan,nan,1,,,,,,,,,1,44.38859549,11.9828136,3.704355002,nan,nan,4365.957635,1612.51917
DE2,74,slt,1.102984128,0.137856581,3,0.947568646,0.013431168,1.291519831,0.013510155,0.969233924,0.011249759,0.989187682,1.46E-06,3,42.10689858,12.72611158,3.308701038,nan,nan,4650.225577,1636.398766
DE2,75,WT,1.030838276,0.111637032,3,1.072361098,0.017591902,1.081161563,0.011983771,1.115878087,0.015925974,1.012149296,1.66E-06,2,nan,nan,nan,nan,nan,nan,nan
DE2,76,bioF,0.539400913,0.054998262,3,0.938026554,0.013293925,0.599186659,0.005257078,1.134654316,0.007623699,1.002218469,1.45E-06,3,43.93888088,11.88809959,3.696039096,nan,nan,4293.846263,1594.944106
DE2,77,pabA,nan,nan,1,,,,,,,,,1,39.33063343,13.32632843,2.951348049,nan,nan,4688.624108,1601.111507
DE2,78,csgE,nan,nan,0,,,,,,,,,0,39.8962234,12.66647694,3.149749026,nan,nan,4358.952042,1544.582559
DE2,79,thiE,0.916635972,0.109730374,3,1.044124782,0.014791669,1.022356255,0.01017575,0.943495244,0.007376992,0.976776263,1.37E-06,3,42.28297373,12.66986009,3.337288134,nan,nan,4609.078427,1629.795212
DE2,80,bioD,nan,nan,0,,,,,,,,,0,41.32363455,13.5430487,3.051280068,nan,nan,5093.101267,1705.259443
DE2,81,ubiE,0.966874009,0.152445641,2,,,,,,,,,1,40.45159461,13.51581557,2.992908153,nan,nan,4989.965847,1673.6216
DE2,82,lplA,1.128395659,0.159344736,3,,,,,,,,,1,37.17765295,13.16489917,2.823998305,nan,nan,4254.958586,1485.643543
DE2,83,flgA,0.942398145,0.108141796,3,0.832325395,0.011817038,1.932406889,0.023430141,1.032306499,0.017164179,0.99213319,1.63E-06,3,37.52864523,13.15889771,2.851959645,nan,nan,4326.819894,1502.350749
DE2,84,panE,0.947662544,0.095773869,3,1.152233135,0.018914808,1.135333383,0.013763379,1.02987966,0.012920505,0.892687215,1.56E-06,2,61.08726652,14.1984481,4.302390382,nan,nan,8775.961365,2675.849553
DE2,85,nagZ,0.939705421,0.164764939,2,0.926771063,0.01768217,0.936871762,0.011982232,1.028677596,0.011109357,0.968245542,1.77E-06,2,39.93763355,12.29118409,3.249290975,nan,nan,4096.055286,1493.825771
DE2,86,ydeQ,0.913615081,0.182466942,2,,,,,,,,,1,43.13808019,12.71057722,3.393872634,nan,nan,4708.171932,1658.625315
DE2,87,WT,0.960877411,0.083903487,3,1.041793166,0.014762444,1.027651991,0.009922755,1.025658694,0.005896415,0.982692699,1.43E-06,3,nan,nan,nan,nan,nan,nan,nan
DE2,88,rfbX,0.605213945,0.063271621,3,,,,,,,,,0,41.17145641,12.78706751,3.219773133,nan,nan,4577.183774,1608.881577
DE2,89,fliL,nan,nan,1,,,,,,,,,1,38.75351073,13.18924666,2.938265673,nan,nan,4491.734543,1554.668849
DE2,90,otsB,1.015775985,0.130678868,2,0.896359327,0.015166806,1.663109134,0.015210331,0.997138692,0.011413244,0.948135512,1.91E-06,2,42.63155485,12.73367638,3.347937672,nan,nan,4671.364703,1645.594159
DE2,91,nlpC,nan,nan,1,,,,,,,,,1,44.19112043,11.61195479,3.805657293,nan,nan,4088.431187,1557.723667
DE2,92,putA,0.951197259,0.109433414,2,1.034963459,0.01753992,1.66996324,0.023823018,1.172242415,0.009813836,0.950072531,1.69E-06,2,43.40577089,12.87507399,3.371302636,nan,nan,4925.067212,1709.778662
DE2,93,nagD,nan,nan,0,,,,,,,,,0,42.28372922,12.77043645,3.311063752,nan,nan,4740.061477,1657.365977
DE2,94,sdaB,nan,nan,1,,,,,,,,,0,40.18398142,13.16464364,3.052416952,nan,nan,4667.190818,1608.07468
DE2,95,phnP,1.085584606,0.127245231,2,,,,,,,,,1,44.78040084,13.15324535,3.404513461,nan,nan,5298.761477,1799.902585
DE3,0,fdhF,nan,nan,1,,,,,,,,,0,43.1709641,12.82567087,3.365980972,nan,nan,4895.295209,1701.017452
DE3,1,dppA,nan,nan,0,,,,,,,,,0,45.17076792,12.81840054,3.523900489,nan,nan,5118.817308,1772.547846
DE3,2,gcvT,1.016227,0.141322176,2,0.952175615,0.011002425,1.189133731,0.015169122,1.087148483,0.018753242,0.909561072,1.72E-06,2,38.94938406,13.85025936,2.812177235,nan,nan,4940.674698,1635.330046
DE3,3,uvrB,0.961440789,0.127077079,2,,,,,,,,,0,37.106961,14.14897116,2.622590759,nan,nan,4891.359398,1599.320481
DE3,4,eutC,nan,nan,1,,,,,,,,,1,38.78835842,12.82847533,3.023614064,nan,nan,4303.238617,1516.165805
DE3,5,aas,nan,nan,1,,,,,,,,,1,40.87117886,12.74111198,3.207818825,nan,nan,4486.638194,1586.886948
DE3,6,caiT,nan,nan,0,,,,,,,,,0,49.86718916,13.85302232,3.599733546,nan,nan,6675.04192,2126.546932
DE3,7,WT,1.081976719,0.209111065,2,1.051418488,0.012145064,1.085485003,0.013171635,1.073290882,0.04700737,0.978987066,1.73E-06,2,nan,nan,nan,nan,nan,nan,nan
DE3,8,aldA,0.340425479,0.096442047,2,0.727443043,0.008454301,0.438364818,0.005131379,1.639740854,0.073647008,1.025969664,2.13E-06,2,38.42810509,13.25703713,2.898694839,nan,nan,4475.034151,1540.996148
DE3,9,ydfG,nan,nan,1,,,,,,,,,1,41.29431219,13.23962425,3.118994271,nan,nan,4838.699315,1656.732535
DE3,10,grxB,nan,nan,1,,,,,,,,,0,38.19870986,13.27568818,2.877343106,nan,nan,4504.998993,1549.042616
DE3,11,yeaX,nan,nan,0,,,,,,,,,0,40.50093223,12.0834463,3.351769953,nan,nan,4009.380487,1487.07811
DE3,12,fruK,nan,nan,1,,,,,,,,,0,nan,nan,nan,nan,nan,nan,nan
DE3,13,napF,nan,nan,1,,,,,,,,,1,41.80831498,12.68164319,3.296758499,nan,nan,4531.415296,1606.445553
DE3,14,fdnG,1.131886124,0.151994412,2,0.915980678,0.010619067,1.17592711,0.016767137,0.978992268,0.015068613,0.949636162,1.83E-06,2,43.85202846,11.75467957,3.730601773,nan,nan,4146.687576,1563.654911
DE3,15,glgX,nan,nan,1,,,,,,,,,1,31.54441731,12.11326954,2.604120813,nan,nan,3022.076352,1158.058351
DE3,16,lyxK,nan,nan,1,,,,,,,,,1,32.39497527,11.83636474,2.736902417,nan,nan,3009.927227,1167.908747
DE3,17,hcaF,1.187890476,0.177454646,2,1.080823516,0.012503844,1.364176334,0.018425699,1.111915462,0.035391992,0.95242666,1.73E-06,2,40.77066811,12.87765233,3.166001618,nan,nan,4516.46324,1586.829301
DE3,18,edd,nan,nan,0,,,,,,,,,1,42.4636982,12.13194566,3.500155654,nan,nan,4276.62406,1568.504411
DE3,19,WT,1.060677642,0.16167035,2,1.024217082,0.011840193,1.107805023,0.013479463,1.027166649,0.020407451,1.007459972,1.77E-06,2,nan,nan,nan,nan,nan,nan,nan
DE3,20,rsxD,1.179501034,0.172527467,2,,,,,,,,,1,43.10677893,12.75301692,3.38012403,nan,nan,4747.401677,1669.465033
DE3,21,napC,nan,nan,1,,,,,,,,,1,43.4877352,12.49687802,3.479887948,nan,nan,4666.083303,1660.228202
DE3,22,wcaF,0.947114975,0.283243683,2,0.903707567,0.010440831,0.752957038,0.01007216,1.065208083,0.029170003,0.982138331,1.82E-06,2,37.84611871,13.51371765,2.800570479,nan,nan,4552.071548,1547.613533
DE3,23,napH,0.946765696,0.140483885,2,,,,,,,,,1,nan,nan,nan,nan,nan,nan,nan
DE3,24,hycE,nan,nan,1,,,,,,,,,0,38.87658454,12.53753492,3.100815653,nan,nan,4125.40302,1486.130213
DE3,25,gatD,1.109293091,0.143468384,2,0.969535448,0.011199005,1.399922907,0.018951985,0.909761645,0.012526057,0.981308763,1.80E-06,2,42.92773311,12.859535,3.338202597,nan,nan,4865.017012,1689.309298
DE3,26,pyrE,nan,nan,0,,,,,,,,,0,43.11311872,12.88660653,3.345575781,nan,nan,4907.426533,1698.496982
DE3,27,pyrB,0.888417719,0.102589602,2,1.013959652,0.011728645,0.895404643,0.011115246,1.149505463,0.012553331,0.926147106,1.54E-06,2,38.96778159,12.14574669,3.208347959,nan,nan,3927.021153,1449.32248
DE3,28,dnaQ,nan,nan,0,,,,,,,,,0,46.46698868,13.642245,3.406110116,nan,nan,5890.028864,1928.011982
DE3,29,xapA,nan,nan,1,,,,,,,,,1,41.717552,12.67644213,3.290951166,nan,nan,4551.860511,1610.378477
DE3,30,nrdG,nan,nan,1,0.995715006,0.011505801,1.570899175,0.020714665,1.124617913,0.019961142,0.988308205,1.76E-06,2,41.66047944,12.8393154,3.24475863,nan,nan,4595.291448,1613.937343
DE3,31,WT,0.988368247,0.138974337,2,0.964706891,0.011143524,1.056694676,0.014098759,1.009538949,0.019443413,1.007901295,1.86E-06,2,nan,nan,nan,nan,nan,nan,nan
DE3,32,pnuC,nan,nan,0,,,,,,,,,1,40.04505154,12.68658532,3.15648778,nan,nan,4357.409011,1547.454081
DE3,33,sapB,nan,nan,1,,,,,,,,,0,39.58965198,11.87244781,3.334582102,nan,nan,3807.687157,1436.647026
DE3,34,ddpF,nan,nan,1,,,,,,,,,1,43.68804607,12.46131531,3.505893639,nan,nan,4648.467248,1659.996757
DE3,35,ydgI,nan,nan,1,,,,,,,,,0,42.69698861,12.10912512,3.526017625,nan,nan,4355.939713,1596.327675
DE3,36,araF,nan,nan,1,,,,,,,,,0,nan,nan,nan,nan,nan,nan,nan
DE3,37,ybhL,0.981035913,0.117448784,2,1.08212043,0.012576876,1.203542019,0.018743061,0.906225574,0.011599747,0.95621196,1.63E-06,2,42.33557909,12.06546918,3.508821619,nan,nan,4215.422369,1557.99133
DE3,38,tyrP,nan,nan,1,,,,,,,,,0,41.71910842,12.59201787,3.313139232,nan,nan,4468.375736,1595.47251
DE3,39,putP,1.015205548,0.127477788,2,0.928787615,0.010746937,1.186455555,0.015613557,0.918364473,0.010699047,0.990425988,1.91E-06,2,39.29918925,12.32572687,3.188387156,nan,nan,4052.570818,1479.361783
DE3,40,yecS,nan,nan,0,,,,,,,,,0,34.25638166,12.93586276,2.648171388,nan,nan,3738.235819,1338.826202
DE3,41,btuC,nan,nan,0,,,,,,,,,0,38.30583529,12.93712055,2.960924354,nan,nan,4234.186752,1494.175823
DE3,42,artI,nan,nan,1,,,,,,,,,0,41.93923605,11.9188203,3.518740529,nan,nan,4067.592073,1518.900396
DE3,43,WT,0.964252906,0.125711325,2,0.984472111,0.011371962,0.929848463,0.010974794,0.977543376,0.013937588,1.007118371,1.80E-06,2,nan,nan,nan,nan,nan,nan,nan
DE3,44,bglF,0.970818272,0.121746104,2,,,,,,,,,1,38.8039851,12.45556077,3.115394466,nan,nan,4033.48532,1465.078608
DE3,45,hyfH,nan,nan,0,,,,,,,,,0,43.64766542,12.39305934,3.521944359,nan,nan,4612.809604,1653.364115
DE3,46,cysA,1.063219834,0.201971239,2,,,,,,,,,1,37.81904201,12.62193313,2.996295545,nan,nan,4051.630225,1455.102288
DE3,47,exbD,nan,nan,0,,,,,,,,,0,47.43631573,12.43227554,3.815577894,nan,nan,5075.396193,1800.402936
DE3,48,fecC,nan,nan,1,,,,,,,,,0,40.78973302,11.83396662,3.446835228,nan,nan,3891.343676,1468.012735
DE3,49,fecA,nan,nan,1,,,,,,,,,0,40.21307396,12.88812534,3.120164716,nan,nan,4463.743247,1570.794158
DE3,50,kbaY,0.949124896,0.164148414,2,0.841215392,0.009719649,1.239403922,0.016711367,1.023310479,0.014341191,0.984650495,1.96E-06,2,46.73709109,12.20971459,3.827861065,nan,nan,4797.724071,1736.43596
DE3,51,ygbN,nan,nan,0,,,,,,,,,0,41.36030508,12.14384444,3.40586585,nan,nan,4166.073019,1533.144712
DE3,52,nikC,1.012348131,0.137559874,2,,,,,,,,,1,45.94253072,12.71280534,3.61387825,nan,nan,5114.953114,1783.467031
DE3,53,dppB,1.163165312,0.150741714,2,,,,,,,,,0,47.64448049,12.60563356,3.779618077,nan,nan,5195.840496,1827.14318
DE3,54,ycjM,1.018059103,0.132427875,2,0.931598561,0.010761182,1.127127806,0.013858104,1.079468503,0.013434877,0.9762468,1.80E-06,2,37.28333787,12.42498795,3.000673967,nan,nan,3835.640301,1401.411387
DE3,55,WT,0.946245404,0.111853984,2,0.972635521,0.01125098,0.968046997,0.012549387,0.963781034,0.013167527,1.002123852,1.80E-06,2,nan,nan,nan,nan,nan,nan,nan
DE3,56,ybbW,nan,nan,0,,,,,,,,,0,39.90988299,12.25310564,3.257123882,nan,nan,4089.961651,1498.342858
DE3,57,hisB,nan,nan,1,,,,,,,,,0,39.59854066,12.17591542,3.252202342,nan,nan,3995.324071,1475.167289
DE3,58,kefB,nan,nan,1,,,,,,,,,1,nan,nan,nan,nan,nan,nan,nan
DE3,59,citE,nan,nan,1,,,,,,,,,0,43.819596,12.38836672,3.537156834,nan,nan,4613.497601,1654.194147
DE3,60,cheZ,1.18219597,0.248947848,2,1.170315245,0.013528783,1.102310436,0.014421525,0.987999539,0.014169103,0.939848351,1.62E-06,2,37.27445391,12.69664741,2.935771365,nan,nan,3990.732607,1431.267845
DE3,61,hisA,nan,nan,0,,,,,,,,,0,45.09919675,12.22231523,3.689906202,nan,nan,4627.493518,1677.34534
DE3,62,modF,nan,nan,0,,,,,,,,,0,44.0471771,12.37743369,3.558667992,nan,nan,4591.790289,1655.018248
DE3,63,trpC,nan,nan,0,,,,,,,,,0,39.6767524,12.68082004,3.128879069,nan,nan,4279.650604,1526.387625
DE3,64,uvrC,nan,nan,1,,,,,,,,,1,43.87889287,12.27723926,3.574003239,nan,nan,4550.466239,1646.746709
DE3,65,eutG,nan,nan,1,,,,,,,,,1,44.2170104,11.70635961,3.77717855,nan,nan,4188.086006,1577.386076
DE3,66,livK,nan,nan,0,,,,,,,,,0,42.04469255,13.10494053,3.208308535,nan,nan,4877.444354,1675.798982
DE3,67,WT,1.038672204,0.113707329,2,0.96620594,0.01116578,0.875914038,0.01123971,0.978025859,0.012209284,1.003482662,1.81E-06,2,nan,nan,nan,nan,nan,nan,nan
DE3,68,tolQ,nan,nan,0,,,,,,,,,0,46.68555384,15.32103666,3.047153718,nan,nan,7569.690352,2208.989753
DE3,69,rhlE,nan,nan,1,,,,,,,,,0,40.87948023,11.7992113,3.464594301,nan,nan,3902.487993,1471.816326
DE3,70,miaA,nan,nan,0,,,,,,,,,0,35.84844795,12.98341215,2.761096047,nan,nan,3974.977912,1408.609898
DE3,71,torD,nan,nan,0,,,,,,,,,0,34.14802042,11.53932788,2.959272911,nan,nan,3043.542901,1198.282168
DE3,72,greA,0.845585372,0.086419106,2,0.893408558,0.010342197,0.577264507,0.00664028,1.103039486,0.009603602,0.976571908,1.77E-06,2,42.38550133,11.62772017,3.645211677,nan,nan,3966.749112,1511.284147
DE3,73,elbB,nan,nan,0,,,,,,,,,0,41.80602718,12.17777708,3.432976882,nan,nan,4223.742525,1550.419152
DE3,74,tdcD,0.686755881,0.085782297,2,,,,,,,,,1,39.89423809,11.8576849,3.364420494,nan,nan,3801.747301,1436.411696
DE3,75,mngA,1.021677503,0.121589992,2,0.832077857,0.009612312,1.600528775,0.022465618,1.081659061,0.013725114,0.998597829,2.04E-06,2,32.02249431,12.25519468,2.612973123,nan,nan,3135.30974,1186.910881
DE3,76,rspA,1.032537527,0.142486915,2,0.932863748,0.010776762,1.166074596,0.016143688,1.006146131,0.013213637,0.993015788,1.84E-06,2,31.25467393,12.10967104,2.580968041,nan,nan,2989.287747,1143.473031
DE3,77,yjjV,0.847355508,0.100903649,2,0.864589537,0.009990278,0.962763622,0.013821329,1.298621164,0.016264329,1.026753379,1.91E-06,2,36.82383182,11.81226072,3.117424572,nan,nan,3453.042045,1320.361271
DE3,78,nemA,0.922355,0.14151776,2,,,,,,,,,1,34.73231383,11.75884956,2.953716999,nan,nan,3205.406037,1239.811409
DE3,79,WT,1.022398107,0.125261988,2,1.009715406,0.011664038,0.997478751,0.01167932,1.095364968,0.014964054,1.014407511,1.81E-06,2,nan,nan,nan,nan,nan,nan,nan
DE3,80,rsgA,0.472011571,0.061661658,2,0.597415733,0.006912188,0.264358008,0.003433391,1.533595331,0.013289109,0.855259398,1.81E-06,2,43.85161935,11.98964131,3.657458819,nan,nan,4338.798415,1607.797639
DE3,81,amiB,nan,nan,1,,,,,,,,,0,32.3204441,11.7941354,2.740382657,nan,nan,2949.773514,1152.392893
DE3,82,ampC,nan,nan,1,,,,,,,,,1,32.1469301,12.1586609,2.643953176,nan,nan,3092.946223,1177.803245
DE3,83,chpA,nan,nan,0,,,,,,,,,0,30.99117641,11.56333848,2.680123604,nan,nan,2712.286566,1081.900008
DE3,84,xdhC,nan,nan,0,,,,,,,,,0,31.40008145,11.7676569,2.668337608,nan,nan,2843.199211,1115.425958
DE3,85,arsC,0.898115387,0.150649085,2,0.913841589,0.010585068,1.107974096,0.014027028,0.915439799,0.011369278,0.961432148,1.86E-06,2,33.20882047,11.99538207,2.768467089,nan,nan,3149.606705,1206.451312
DE3,86,zapE,nan,nan,1,,,,,,,,,1,nan,nan,nan,nan,nan,nan,nan
DE3,87,phnE,nan,nan,0,,,,,,,,,0,38.48704667,12.35254033,3.115719168,nan,nan,3908.911511,1433.307276
DE3,88,melA,0.974151281,0.112316257,2,0.796155102,0.009310359,1.376322611,0.014692281,1.03745208,0.009416199,0.973600621,1.92E-06,2,37.50370606,12.5397144,2.990794276,nan,nan,3923.19821,1421.985734
DE3,89,ygjR,1.086161522,0.117740562,2,,,,,,,,,1,41.61844211,12.24741152,3.398141888,nan,nan,4224.113469,1545.291724
DE3,90,ybbO,nan,nan,1,,,,,,,,,1,40.42881962,11.8292291,3.417705353,nan,nan,3875.372639,1460.307333
DE3,91,WT,0.984961834,0.12090915,2,1.010129041,0.011682586,1.081948498,0.013536211,1.001073506,0.011558968,0.981453775,1.76E-06,2,nan,nan,nan,nan,nan,nan,nan
DE3,92,ygfG,0.972359545,0.119978519,2,,,,,,,,,1,42.3703413,12.59657962,3.36363859,nan,nan,4600.460222,1631.438185
DE3,93,rph,nan,nan,1,,,,,,,,,1,41.50293802,12.35753494,3.358512698,nan,nan,4307.4,1563.044093
DE3,94,frvR,nan,nan,1,,,,,,,,,0,38.85229851,12.03209907,3.229054074,nan,nan,3784.464087,1418.112037
DE3,95,yjhE,1.195314823,0.210204611,2,1.104390522,0.012839688,0.985394834,0.012071464,1.0095459,0.039770311,0.9137375,1.69E-06,2,35.98543329,11.86939395,3.031783547,nan,nan,3419.559876,1302.539551
DE4,0,zapA,1.177548645,0.172688175,2,1.080187361,0.02189856,1.170992308,0.014220375,1.38140829,0.026519553,0.945177483,1.57E-06,2,38.55040137,12.38595242,3.112429312,nan,nan,3943.680398,1444.093821
DE4,1,ybhF,nan,nan,1,,,,,,,,,1,34.44818113,11.25813881,3.0598469,nan,nan,2954.783356,1184.97074
DE4,2,yneL,nan,nan,1,,,,,,,,,1,37.4419013,12.13685269,3.084976166,nan,nan,3742.780022,1391.119136
DE4,3,yebQ,0.840037707,0.1406111,3,0.879087278,0.01029841,0.918546823,0.009386828,1.142680107,0.016488792,0.914763132,1.33E-06,3,38.21981452,12.06527007,3.16775458,nan,nan,3760.696241,1405.832424
DE4,4,yraR,0.614419394,0.137219197,2,0.921071982,0.011864016,1.140962287,0.013955628,1.312858634,0.029237288,0.925763463,1.70E-06,2,35.48356649,11.93550186,2.97294298,nan,nan,3343.121782,1278.355879
DE4,5,yghE,nan,nan,1,,,,,,,,,0,37.09045038,12.06355995,3.074585821,nan,nan,3624.008218,1360.44257
DE4,6,yhbX,nan,nan,1,,,,,,,,,0,37.93455653,11.85252638,3.200546054,nan,nan,3612.108003,1370.822594
DE4,7,yoeF,1.00096086,0.150057568,2,,,,,,,,,0,35.3231063,11.58276599,3.049626171,nan,nan,3182.326175,1244.419037
DE4,8,yghQ,nan,nan,0,,,,,,,,,0,35.47974972,12.29666074,2.885315817,nan,nan,3551.683228,1319.16327
DE4,9,hybF,1.091908298,0.221077981,3,0.81875862,0.009608441,1.364469567,0.011351379,1.162665522,0.035729516,0.893807199,1.30E-06,3,34.72909825,12.22050864,2.841870112,nan,nan,3444.361363,1288.537788
DE4,10,agaA,nan,nan,0,,,,,,,,,0,40.65093304,12.20995866,3.329326016,nan,nan,4105.833003,1506.741059
DE4,11,WT,1.008334347,0.132984872,3,1.006663883,0.011787072,1.106087406,0.010698508,1.124183884,0.02334975,0.964974741,1.30E-06,3,nan,nan,nan,nan,nan,nan,nan
DE4,12,yhhS,nan,nan,0,,,,,,,,,0,37.85588414,11.35482245,3.333903663,nan,nan,3285.303214,1298.098603
DE4,13,wzzE,0.531594443,0.09199562,2,0.903383894,0.011566561,0.602542092,0.006843551,1.179439477,0.018100351,0.957623587,1.59E-06,2,34.27727804,11.15245819,3.073517735,nan,nan,2771.537955,1136.15862
DE4,14,dcrB,0.844205517,0.110839746,3,0.912805212,0.010703346,0.871050012,0.008178948,1.130623374,0.019274941,0.98830737,1.41E-06,3,39.12867582,11.89982641,3.288171984,nan,nan,3775.055603,1420.640715
DE4,15,gntX,nan,nan,0,,,,,,,,,0,33.9266556,11.98933732,2.82973568,nan,nan,3207.261898,1227.53855
DE4,16,yhfK,0.767241,0.117496336,3,0.867201126,0.010157126,0.919549473,0.00929774,1.172044173,0.018115162,0.989930475,1.42E-06,3,32.34759781,11.8039603,2.740402118,nan,nan,2936.304037,1149.475927
DE4,17,hslO,0.86058705,0.107928345,3,0.895691794,0.010494696,0.681005529,0.006760474,1.118238536,0.01548021,1.003612151,1.39E-06,3,32.4088943,11.7166854,2.7660463,nan,nan,2920.387585,1147.818696
DE4,18,ulaA,0.942256436,0.161889683,2,0.946222335,0.019178832,0.809056484,0.009682323,1.327558755,0.043135333,0.998491219,1.61E-06,2,32.88249802,11.39977449,2.88448671,nan,nan,2816.158093,1131.034596
DE4,19,yjgK,0.771940626,0.101456953,3,0.863426153,0.01111915,0.577655362,0.006957863,1.218204117,0.020365269,0.94207751,1.69E-06,2,35.32478089,11.82469011,2.987374768,nan,nan,3281.514078,1262.878463
DE4,20,frlC,0.922156939,0.182779198,2,,,,,,,,,1,33.62689203,12.40931782,2.709809879,nan,nan,3373.954143,1259.030983
DE4,21,yacG,nan,nan,0,,,,,,,,,0,31.85765442,12.66911545,2.514591848,nan,nan,3257.583843,1209.506567
DE4,22,cybB,nan,nan,0,,,,,,,,,0,39.17887266,12.24432046,3.199758843,nan,nan,3920.622516,1446.640359
DE4,23,WT,0.959993682,0.15884026,2,1.067062106,0.012493031,1.038123785,0.010201805,0.915963795,0.02146497,1.023687819,1.31E-06,3,nan,nan,nan,nan,nan,nan,nan
DE4,24,flgH,1.065570305,0.122991263,3,0.922291156,0.010899722,1.263663043,0.012875359,0.987346589,0.015759983,0.9612765,1.44E-06,3,35.6215212,12.47747466,2.854866243,nan,nan,3651.463142,1343.28509
DE4,25,yajQ,1.062514114,0.138722466,2,0.862540575,0.011021623,1.170678128,0.014952405,1.099474018,0.018250706,0.971143744,1.62E-06,2,35.05877164,11.55596627,3.033824332,nan,nan,3123.730573,1227.668719
DE4,26,yegP,0.74851788,0.137976788,2,0.895591572,0.011533117,0.865769038,0.01068856,1.19071844,0.017042063,0.984301128,1.77E-06,2,36.50992531,12.30684424,2.96663585,nan,nan,3655.580766,1355.516771
DE4,27,yoaB,nan,nan,1,,,,,,,,,1,39.26593171,12.40314439,3.165804611,nan,nan,4042.944468,1473.073218
DE4,28,fbaB,0.612723545,0.069908047,3,0.849705446,0.010000307,0.684105289,0.007020568,1.159443304,0.013235495,1.005145139,1.46E-06,3,37.15643383,12.21155563,3.042727312,nan,nan,3658.113629,1365.598929
DE4,29,yecN,0.851096262,0.129395573,2,0.906958315,0.01159188,0.791910013,0.009858326,1.21020781,0.019694334,1.011537003,1.65E-06,2,35.04120828,12.73423419,2.751732672,nan,nan,3692.315642,1340.026999
DE4,30,yfbT,0.684882687,0.098399329,2,0.849765205,0.010944794,0.63249058,0.00736674,1.241343227,0.017115888,0.977464979,1.79E-06,2,33.81371037,12.05211719,2.805624095,nan,nan,3235.935427,1232.159902
DE4,31,ydhO,0.834904518,0.141246927,2,0.8932363,0.011502533,1.155276126,0.014668369,1.373319879,0.028267851,0.988493704,1.77E-06,2,38.79004671,12.36466937,3.137168131,nan,nan,3967.478262,1452.158857
DE4,32,proQ,nan,nan,1,,,,,,,,,1,34.7847769,12.01707237,2.894613249,nan,nan,3328.85309,1265.903169
DE4,33,trmC,0.81786165,0.128526073,2,0.884430185,0.01797411,1.052119129,0.013522396,0.932854645,0.022827594,1.015931059,1.71E-06,2,31.80246284,12.31277652,2.582883138,nan,nan,3191.890853,1197.641264
DE4,34,yfgH,nan,nan,1,,,,,,,,,1,34.05557069,13.25450889,2.569357415,nan,nan,3889.958302,1361.520258
DE4,35,WT,1.049200346,0.136052201,3,0.958445733,0.011222311,0.970685023,0.009241821,1.107197317,0.029898306,1.01191033,1.38E-06,3,nan,nan,nan,nan,nan,nan,nan
DE4,36,phnM,0.935274582,0.124775948,3,1.006183029,0.011790986,0.821755695,0.008264967,1.046518481,0.016302984,0.983638103,1.33E-06,3,31.16439527,12.03602097,2.589260632,nan,nan,2940.203654,1134.796999
DE4,37,prpB,nan,nan,0,,,,,,,,,0,33.0471338,12.48069273,2.64786054,nan,nan,3369.320905,1254.91366
DE4,38,yaiL,0.690599867,0.106348546,2,0.91720551,0.01181139,0.577051208,0.006327144,1.215205557,0.018249292,0.955223015,1.67E-06,2,31.57974621,11.93053414,2.646968345,nan,nan,2939.701341,1141.413778
DE4,39,yliH,0.673862781,0.09301562,3,0.886446364,0.011419121,0.925723476,0.011871518,1.269264642,0.017362704,0.977547804,1.76E-06,2,33.93809336,11.63413874,2.917112655,nan,nan,3056.538102,1199.833282
DE4,40,ygfI,0.669399138,0.083989734,3,0.803873792,0.010354201,0.464532073,0.00519753,1.211078415,0.014767505,0.94532944,1.83E-06,2,35.47880982,11.62111084,3.052962003,nan,nan,3173.119907,1242.995306
DE4,41,yeaD,0.675452019,0.11226457,2,0.836569251,0.010703783,0.749257783,0.009136301,1.28530352,0.020827298,1.021166011,1.77E-06,2,33.00727582,12.04728814,2.73980961,nan,nan,3222.402084,1220.582424
DE4,42,yncG,0.786070136,0.110171365,3,0.797909337,0.009342105,0.929080238,0.010310445,1.225999421,0.021197311,0.986937225,1.45E-06,3,34.95991915,12.58689885,2.777484713,nan,nan,3645.408399,1330.567382
DE4,43,ybcL,nan,nan,0,,,,,,,,,1,33.09823626,12.42757167,2.663290716,nan,nan,3331.08409,1244.073505
DE4,44,ychE,0.640146225,0.130892309,2,,,,,,,,,1,29.97034711,11.48528438,2.609456249,nan,nan,2597.817445,1047.122677
DE4,45,pspG,0.998313775,0.160934485,3,0.802211826,0.009393834,0.875389038,0.009196829,1.085267379,0.019985429,0.937182325,1.33E-06,3,nan,nan,nan,nan,nan,nan,nan
DE4,46,pioO,nan,nan,1,,,,,,,,,0,30.15442385,11.21558764,2.688617379,nan,nan,2494.896701,1025.676183
DE4,47,WT,1.020546549,0.144224519,3,0.982216998,0.012651368,0.985041699,0.012125189,1.04118757,0.039824923,1.024598243,1.80E-06,2,nan,nan,nan,nan,nan,nan,nan
DE4,48,dam,0.928297949,0.09955073,3,1.157930448,0.013569238,1.265233301,0.012005852,1.255020306,0.021213552,1.014614548,1.28E-06,3,40.45753916,12.88836476,3.139074655,nan,nan,4567.053396,1596.590773
DE4,49,wbbK,nan,nan,1,,,,,,,,,0,40.259906,12.22094385,3.294336879,nan,nan,4094.435344,1502.431553
DE4,50,hokD,nan,nan,0,,,,,,,,,0,35.65331701,12.30299789,2.897937341,nan,nan,3573.414601,1324.370844
DE4,51,mdtI,nan,nan,1,,,,,,,,,0,37.21542057,11.81714332,3.149273862,nan,nan,3480.434125,1329.904151
DE4,52,rfaB,nan,nan,0,,,,,,,,,0,35.42966184,11.58919823,3.057127952,nan,nan,3168.890289,1241.251999
DE4,53,puuB,0.787770492,0.097162839,3,0.799315386,0.01029791,0.50841418,0.006870816,1.232754209,0.016995695,0.979303544,1.86E-06,2,33.91335058,11.73420072,2.890128725,nan,nan,3127.037585,1214.990559
DE4,54,yibF,0.68883987,0.106691056,2,0.905519868,0.011664746,0.661581144,0.007772878,1.187868612,0.013954927,0.959386701,1.71E-06,2,34.54257491,12.45253273,2.7739397,nan,nan,3492.852786,1294.482827
DE4,55,yjiW,nan,nan,0,,,,,,,,,0,36.42146677,11.26837436,3.232184661,nan,nan,3101.205629,1238.234171
DE4,56,ecpD,nan,nan,1,,,,,,,,,0,32.78231771,12.39738015,2.64429398,nan,nan,3276.610118,1225.37489
DE4,57,intD,0.988406547,0.221225334,2,,,,,,,,,1,35.2426013,11.60807605,3.036041559,nan,nan,3151.008003,1235.534099
DE4,58,napD,0.878070045,0.123951803,3,0.866248181,0.010148783,1.102817462,0.011467909,1.112717696,0.018479672,0.979260168,1.40E-06,3,38.89342136,12.01601803,3.236797853,nan,nan,3750.73793,1410.432876
DE4,59,WT,0.922293548,0.138001544,3,1.041687615,0.012200175,0.96270716,0.009044355,0.975498523,0.014189469,1.022849698,1.31E-06,3,nan,nan,nan,nan,nan,nan,nan
DE4,60,udp,0.789258878,0.125193308,2,,,,,,,,,1,33.75017209,11.68130251,2.88924733,nan,nan,3054.058353,1196.584564
DE4,61,ssuE,0.93534936,0.136849418,3,0.899378174,0.010559922,1.059060173,0.01088212,1.062703752,0.014449323,0.994592614,1.40E-06,3,34.45500878,12.06692518,2.855326296,nan,nan,3357.999875,1273.430634
DE4,62,mhpD,0.910393918,0.111881592,3,0.973081142,0.01971975,1.054567765,0.012439038,1.187803586,0.021054601,1.035318999,1.66E-06,2,33.71774293,11.86252692,2.842374408,nan,nan,3144.067407,1214.857791
DE4,63,yidL,0.927869569,0.131778803,2,,,,,,,,,1,28.68940264,11.73791487,2.444165166,nan,nan,2524.938672,1013.442628
DE4,64,livF,nan,nan,0,,,,,,,,,0,37.46426473,11.5751471,3.236612407,nan,nan,3388.139404,1317.67986
DE4,65,poxA,0.617675578,0.086995077,2,0.718833517,0.009195108,0.561176993,0.007091405,1.101381497,0.011613275,0.971694598,1.77E-06,2,34.1139791,11.61067979,2.938155192,nan,nan,3027.999527,1193.566557
DE4,66,potG,nan,nan,1,,,,,,,,,1,nan,nan,nan,nan,nan,nan,nan
DE4,67,yebA,0.795729507,0.094337107,3,0.840782488,0.010834198,0.478712325,0.005460077,1.147145213,0.015284398,1.032804271,1.91E-06,2,36.12680118,12.81884594,2.818256912,nan,nan,3915.97548,1403.749709
DE4,68,ysgA,nan,nan,0,,,,,,,,,0,29.60231708,11.78033523,2.512858634,nan,nan,2667.015582,1056.689701
DE4,69,prfB,nan,nan,0,,,,,,,,,0,50.70977455,13.11998945,3.865077389,nan,nan,6121.584348,2042.721135
DE4,70,recQ,nan,nan,0,,,,,,,,,0,32.85539628,11.63003573,2.825046892,nan,nan,2937.262443,1158.695122
DE4,71,WT,0.979429235,0.140008909,3,1.019378574,0.011936338,1.058342345,0.010052412,0.982147238,0.020309586,1.011219098,1.31E-06,3,nan,nan,nan,nan,nan,nan,nan
DE4,72,dgoT,nan,nan,1,,,,,,,,,0,33.61109936,11.34338988,2.963055993,nan,nan,2890.352432,1159.467006
DE4,73,yidR,0.734928597,0.101585351,3,0.852526531,0.017301541,0.666513275,0.007519555,1.156001493,0.020317652,1.009840248,1.74E-06,2,32.25967722,11.45102796,2.817186137,nan,nan,2793.700301,1120.460354
DE4,74,ypfJ,1.005146737,0.190026735,2,0.837847835,0.010705608,0.725818535,0.00865131,1.115021904,0.019828901,0.981080226,1.63E-06,2,nan,nan,nan,nan,nan,nan,nan
DE4,75,yicI,nan,nan,0,,,,,,,,,0,31.51297247,11.6887399,2.696011096,nan,nan,2850.751346,1122.886115
DE4,76,rpsT,0.78747181,0.106289648,3,0.893359733,0.010465616,0.681782639,0.006992641,1.141602871,0.01330192,0.986735694,1.37E-06,3,31.98167697,11.9312137,2.680504916,nan,nan,2976.39144,1153.229853
DE4,77,csiE,0.865385298,0.108008777,3,0.836772688,0.009798088,0.84504069,0.00825657,1.402344643,0.017850269,0.964980933,1.35E-06,3,32.72235893,11.37123178,2.877644179,nan,nan,2793.88114,1124.64638
DE4,78,baeR,0.912322232,0.111992466,3,0.89721858,0.010515942,0.967627938,0.010069344,1.130646739,0.014576633,0.966984474,1.36E-06,3,34.35445765,11.60899217,2.959297167,nan,nan,3058.411227,1204.962464
DE4,79,flgM,0.789865671,0.103755668,3,0.920239814,0.01077829,0.921781098,0.009079518,1.11853135,0.014742039,0.967343077,1.33E-06,3,31.53717339,11.85543051,2.660145775,nan,nan,2886.413988,1127.396111
DE4,80,fecI,1.020466437,0.140164905,3,0.887306749,0.011429423,1.169670088,0.01461391,1.097763864,0.021353286,0.952547521,1.73E-06,2,32.00132694,11.00706139,2.907345187,nan,nan,2579.589191,1069.160774
DE4,81,flu,0.949700291,0.146496679,2,0.806354295,0.010406666,1.039795129,0.01273575,1.260780148,0.022464161,0.93684541,1.85E-06,2,32.52583667,11.30576798,2.876924128,nan,nan,2759.493627,1115.36321
DE4,82,ybdA,nan,nan,1,,,,,,,,,0,31.65499357,11.56921882,2.73613924,nan,nan,2789.877895,1108.212422
DE4,83,WT,1.034470235,0.140848637,3,0.964510737,0.011321004,0.946578908,0.009383496,0.989183366,0.017996444,1.003729576,1.40E-06,3,nan,nan,nan,nan,nan,nan,nan
DE4,84,rpoD,1.01199253,0.127161614,3,,,,,,,,,0,36.25556191,12.28624029,2.950907768,nan,nan,3669.053299,1358.772689
DE4,85,ydcZ,0.907634266,0.109588838,3,0.928011533,0.011955254,1.088115832,0.010826958,1.237237784,0.021320949,0.967848571,1.72E-06,2,36.77182476,13.47224711,2.729449992,nan,nan,4410.482139,1507.730693
DE4,86,ynbB,0.567195616,0.07256144,3,0.753164775,0.008857407,0.450614999,0.004720922,1.501554876,0.016501656,0.99883446,1.54E-06,3,41.06600571,13.30658363,3.086141932,nan,nan,4902.983774,1668.0835
DE4,87,yffI,0.943322464,0.152623955,2,0.878507376,0.01780799,1.197564755,0.016153449,1.223323411,0.019277572,0.994804328,1.75E-06,2,33.46741179,13.44018394,2.490100725,nan,nan,3889.721918,1357.418127
DE4,88,mdtE,0.682576754,0.074506685,3,0.954673088,0.012296867,0.715704469,0.008731104,1.220707708,0.014213869,0.919400127,1.65E-06,2,43.22735208,13.70484317,3.154166125,nan,nan,5512.122079,1809.468995
DE4,89,thiI,nan,nan,0,,,,,,,,,0,48.64540762,12.39774893,3.92372905,nan,nan,5194.376616,1840.465478
DE4,90,mobA,0.854323964,0.085071707,3,0.906408539,0.010614603,0.864739457,0.008508597,1.301966708,0.01127549,0.972307106,1.35E-06,3,47.02363573,13.07300516,3.597002768,nan,nan,5543.64162,1879.909209
DE4,91,yfjY,0.434850156,0.069353192,3,0.754586839,0.008868053,0.428939577,0.004200886,1.336257188,0.011492084,1.024327849,1.58E-06,3,34.41143836,13.5629763,2.53715981,nan,nan,4119.336149,1415.39599
DE4,92,gadA,0.700621373,0.077051912,3,0.888163234,0.011439227,0.792730956,0.00773235,1.222141908,0.014534468,0.914843449,1.69E-06,2,43.12918406,13.40302019,3.217870559,nan,nan,5278.895467,1769.915883
DE4,93,rzpR,nan,nan,0,,,,,,,,,0,40.0991864,12.70233488,3.156835871,nan,nan,4339.358594,1543.044572
DE4,94,betT,nan,nan,0,,,,,,,,,0,34.49077504,12.8416649,2.685849171,nan,nan,3734.534467,1344.03779
DE4,95,WT,1.018797872,0.153677407,2,0.939094742,0.011008275,0.965693638,0.009960549,1.028957601,0.022349833,0.94299684,1.38E-06,3,nan,nan,nan,nan,nan,nan,nan
DE5,0,mrdA point mutation,1.135423747,0.1176407,3,1.144076794,0.014441539,0.890826651,0.010147738,0.945343537,0.011388091,0.865543631,1.17E-06,3,nan,nan,nan,nan,nan,nan,nan
DE5,1,fliO,nan,nan,0,,,,,,,,,0,34.93855949,12.12758721,2.880915955,nan,nan,3408.771641,1282.480276
DE5,2,tolQ,nan,nan,0,0.653069653,0.00827544,0.673022791,0.006829026,1.598100417,0.212314309,0.775341908,1.26E-06,3,46.68555384,15.32103666,3.047153718,nan,nan,7569.690352,2208.989753
DE5,3,quad mut adhesin,1.390879162,0.283934731,2,1.046773074,0.016063014,1.910081939,0.023685767,1.174886464,0.026055371,0.949961924,1.54E-06,2,nan,nan,nan,nan,nan,nan,nan
DE5,4,WT,1.094748803,0.126927053,3,1.010126692,0.012749656,1.033059162,0.012084759,0.952197377,0.00973716,0.974492936,1.38E-06,3,nan,nan,nan,nan,nan,nan,nan
DE5,5,crp,0.937286833,0.12477081,3,0.937801439,0.011843009,0.897899343,0.009178737,1.003102979,0.01076333,0.886992195,1.32E-06,3,37.24350827,11.69486261,3.184604172,nan,nan,3426.938559,1322.723995
DE5,6,pdxH,1.070213643,0.141209569,3,,,,,,,,,1,nan,nan,nan,nan,nan,nan,nan
DE5,7,lon,nan,nan,1,,,,,,,,,0,41.18440854,11.90593289,3.459150066,nan,nan,4013.536763,1501.329167
DE5,8,,nan,nan,0,,,,,,,,,0,nan,nan,nan,nan,nan,nan,nan
DE5,9,,nan,nan,0,,,,,,,,,0,nan,nan,nan,nan,nan,nan,nan
DE5,10,,nan,nan,0,,,,,,,,,0,nan,nan,nan,nan,nan,nan,nan
DE5,11,,nan,nan,0,,,,,,,,,0,nan,nan,nan,nan,nan,nan,nan
DE5,12,fis,0.891212701,0.115127079,2,,,,,,,,,1,52.11703357,12.02791936,4.333004904,nan,nan,5396.073507,1937.913277
DE5,13,gpmI,nan,nan,1,0.756587604,0.009561528,0.601075244,0.006079461,2.013910404,0.08029705,1.076359545,1.71E-06,3,47.26182956,11.74928177,4.022529247,nan,nan,4517.119516,1690.469862
DE5,14,pgm,0.539138215,0.0798228,2,0.703634921,0.011512234,0.824281675,0.013877355,1.061399434,0.011338343,1.027019203,2.12E-06,2,30.79442975,12.85483892,2.395551585,nan,nan,3312.324228,1203.689349
DE5,15,yfgA,0.746594326,0.12176311,2,0.732176857,0.010951721,0.419426837,0.005407954,1.050849373,0.017433365,1.041761108,2.00E-06,2,46.80783889,11.54494528,4.054401105,nan,nan,4343.379726,1652.858495
DE5,16,WT,0.974797359,0.127508118,2,0.968650819,0.014869125,0.867674659,0.009261243,1.058484769,0.010522064,1.010605374,1.66E-06,2,nan,nan,nan,nan,nan,nan,nan
DE5,17,MC1000 mreB,0.030945764,0.009862305,3,0.475447531,0.006054283,0.346985144,0.003839598,2.920596213,0.115875013,0.742966106,1.34E-06,3,nan,nan,nan,nan,nan,nan,nan
DE5,18,moaE,1.168911521,0.174223303,2,0.905520088,0.013900633,1.122895943,0.012778277,1.078277787,0.031393374,0.967013543,1.65E-06,2,43.20282724,12.53792787,3.445770918,nan,nan,4650.246204,1654.314976
DE5,19,mrcB,nan,nan,0,,,,,,,,,0,32.05802021,12.07085716,2.655819697,nan,nan,3056.262082,1172.115028
DE5,20,surA,nan,nan,0,,,,,,,,,0,38.24962651,12.31041812,3.107094018,nan,nan,3889.494437,1427.925295
DE5,21,lon,nan,nan,1,,,,,,,,,0,41.18440854,11.90593289,3.459150066,nan,nan,4013.536763,1501.329167
DE5,22,yfgA,1.352923003,0.265379831,2,,,,,,,,,1,46.80783889,11.54494528,4.054401105,nan,nan,4343.379726,1652.858495
DE5,23,tolQ,nan,nan,1,0.757311471,0.009628615,1.089712952,0.012240127,2.337879411,0.37934215,0.775969758,1.15E-06,3,46.68555384,15.32103666,3.047153718,nan,nan,7569.690352,2208.989753
DE5,24,rfaF,1.784205112,0.677789004,2,0.878771056,0.013512748,1.791414919,0.024690959,0.821238123,0.046707968,1.391196736,2.80E-06,2,40.60980653,13.08496357,3.103547544,nan,nan,4692.075589,1617.687281
DE5,25,surA,1.643214849,0.575080684,2,0.859457585,0.013189934,2.105666716,0.028550056,2.40445767,0.20329962,1.386420562,2.77E-06,2,38.24962651,12.31041812,3.107094018,nan,nan,3889.494437,1427.925295
DE5,26,dsbA,nan,nan,0,,,,,,,,,0,37.1720034,12.50966744,2.971462156,nan,nan,3882.000089,1409.526583
DE5,27,lpcA,nan,nan,1,,,,,,,,,0,43.38836313,12.49770385,3.471706775,nan,nan,4688.646601,1663.098562
DE5,28,WT,0.93698946,0.101685865,3,0.998132472,0.012593284,0.997688384,0.010207269,1.037737009,0.009723399,1.006815333,1.41E-06,3,nan,nan,nan,nan,nan,nan,nan
DE5,29,MC1000,0.372602234,0.048860287,3,0.748250411,0.00958575,0.38542782,0.003992029,1.221119702,0.008863097,0.702121794,1.02E-06,3,nan,nan,nan,nan,nan,nan,nan
DE5,30,ychJ,0.86401476,0.128661596,2,0.9699952,0.015704024,0.935552267,0.011469812,1.133423717,0.017605174,0.995087585,1.80E-06,2,35.85960706,11.37294643,3.153062162,nan,nan,3144.924008,1245.821185
DE5,31,tatB,nan,nan,0,,,,,,,,,0,47.10335655,13.19867455,3.568794456,nan,nan,5355.181673,1826.265725
DE5,32,yciB,1.117414132,0.152736234,3,0.858328191,0.010851037,1.068047794,0.01007823,1.134155995,0.022815678,1.012353041,1.53E-06,3,35.87205285,12.39376131,2.8943637,nan,nan,3657.168038,1345.760552
DE5,33,rcsC,nan,nan,0,,,,,,,,,0,37.38538168,12.40112894,3.014675668,nan,nan,3861.317317,1413.224367
DE5,34,ihfB,nan,nan,0,,,,,,,,,0,44.05509305,11.14751796,3.952009156,nan,nan,3815.35838,1503.71576
DE5,35,recB,nan,nan,1,,,,,,,,,1,nan,nan,nan,nan,nan,nan,nan
DE5,36,recB,0.691229237,0.084127702,3,0.733664194,0.009402741,0.669298151,0.006738119,1.009582735,0.010673919,0.993700504,1.50E-06,3,nan,nan,nan,nan,nan,nan,nan
DE5,37,ihfB,nan,nan,1,,,,,,,,,1,44.05509305,11.14751796,3.952009156,nan,nan,3815.35838,1503.71576
DE5,38,ompR,0.922783031,0.106000787,3,1.00735334,0.012717066,0.840446616,0.008307073,1.189555885,0.011211138,0.958301036,1.35E-06,3,37.73401127,13.33628599,2.829424271,nan,nan,4469.861384,1527.60036
DE5,39,tatC,nan,nan,0,0.710214508,0.008964716,0.474100672,0.004516736,,,1.171255953,1.94E-06,3,45.97535902,12.40924527,3.704927901,nan,nan,4728.754706,1697.275693
DE5,40,WT,1.097689116,0.121649911,3,0.965816767,0.012204508,1.01667662,0.010625385,0.993044203,0.008256509,0.990725752,1.44E-06,3,nan,nan,nan,nan,nan,nan,nan
DE5,41,tolB,nan,nan,0,0.63277055,0.008049392,0.530251241,0.005267265,2.577520281,1.035367741,0.871265428,1.38E-06,3,40.11886966,13.56665129,2.957168191,nan,nan,5019.312912,1671.613249
DE5,42,cyaA,0.050895632,0.025948602,3,0.470356823,0.005990229,0.585075411,0.007492892,2.368639861,0.30539552,1.00431869,2.02E-06,3,39.61712407,12.77591927,3.100921604,nan,nan,4322.587344,1537.534355
DE5,43,mrdA point mutation,nan,nan,0,,,,,,,,,0,nan,nan,nan,nan,nan,nan,nan
DE5,44,fis,0.984305608,0.108540166,3,1.094912557,0.017714904,0.967344718,0.01246724,0.959585844,0.02124071,1.028276671,1.70E-06,2,52.11703357,12.02791936,4.333004904,nan,nan,5396.073507,1937.913277
DE5,45,MC1000,nan,nan,0,,,,,,,,,0,nan,nan,nan,nan,nan,nan,nan
DE5,46,guaB,0.42678539,0.049934701,3,0.811332291,0.012453538,0.747412489,0.008757437,1.311137251,0.01042264,0.718685455,1.26E-06,2,74.6253913,13.43030072,5.556494443,nan,nan,9673.039443,3068.098389
DE5,47,holD,0.971371825,0.176829342,2,,,,,,,,,0,44.56291299,12.75222081,3.494521751,nan,nan,4869.769688,1709.887686
DE5,48,tatB,nan,nan,0,0.653389806,0.008338126,0.506478281,0.005178008,2.122510016,0.537054477,1.257004122,2.25E-06,3,47.10335655,13.19867455,3.568794456,nan,nan,5355.181673,1826.265725
DE5,49,yciB,nan,nan,1,,,,,,,,,1,35.87205285,12.39376131,2.8943637,nan,nan,3657.168038,1345.760552
DE5,50,DH5alpha,0.827495108,0.152835789,3,0.904166904,0.011402884,0.966639588,0.009984979,0.958567378,0.010276887,0.997168208,1.44E-06,3,nan,nan,nan,nan,nan,nan,nan
DE5,51,MG1655,1.043220066,0.148635649,2,,,,,,,,,1,nan,nan,nan,nan,nan,nan,nan
DE5,52,WT,1.089495628,0.113969561,3,1.001537631,0.012631649,1.042780715,0.011517057,1.00808855,0.007245156,1.00046172,1.41E-06,3,nan,nan,nan,nan,nan,nan,nan
DE5,53,quad mut poly,0.956768872,0.104403115,3,0.856881729,0.010814801,0.626819836,0.005866787,0.919743161,0.007168307,1.114675499,1.67E-06,3,nan,nan,nan,nan,nan,nan,nan
DE5,54,tolB,0.918602829,0.297159239,2,0.788330651,0.012101956,0.95687013,0.011542063,0.907481575,0.01749718,1.002472983,1.77E-06,2,40.11886966,13.56665129,2.957168191,nan,nan,5019.312912,1671.613249
DE5,55,yfgC,0.268791252,0.10350512,2,0.44472107,0.006661325,0.258272957,0.003446203,1.680431452,0.070443938,0.849152862,2.03E-06,2,36.96071464,13.50975988,2.735852819,nan,nan,4444.544757,1518.177078
DE5,56,crp,0.271995147,0.076544825,3,0.664529665,0.008542774,0.70500297,0.009229657,1.179653683,0.009518936,1.03175376,1.76E-06,3,37.24350827,11.69486261,3.184604172,nan,nan,3426.938559,1322.723995
DE5,57,quad mut adhesin,1.141605693,0.115557941,3,0.933994452,0.01204367,1.112949315,0.013821609,0.871480776,0.011898157,0.978631341,1.39E-06,3,nan,nan,nan,nan,nan,nan,nan
DE5,58,ddlB,nan,nan,0,,,,,,,,,0,33.61931723,11.39246249,2.951014082,nan,nan,2840.98792,1144.417119
DE5,59,lpcA,1.054457968,0.122230851,3,,,,,,,,,1,43.38836313,12.49770385,3.471706775,nan,nan,4688.646601,1663.098562
DE5,60,csgA,nan,nan,0,,,,,,,,,0,42.51219538,12.85902723,3.306019546,nan,nan,4829.928284,1676.711375
DE5,61,lacA,nan,nan,0,,,,,,,,,0,34.32730912,12.22958613,2.806906854,nan,nan,3388.056212,1272.653599
DE5,62,fimC,0.841218629,0.113669578,3,0.961399662,0.015559229,0.799952065,0.010286903,1.094378752,0.012487384,0.959509602,1.79E-06,2,41.65328437,13.20337735,3.154744674,nan,nan,4868.934998,1668.594618
DE5,63,cyaA,0.133889564,0.036268548,3,0.434404538,0.005669365,0.414875179,0.004968298,2.291541272,0.100775768,1.068857629,2.15E-06,3,39.61712407,12.77591927,3.100921604,nan,nan,4322.587344,1537.534355
DE5,64,WT,0.993921029,0.110219364,2,0.966481939,0.014850418,1.10462334,0.012379876,0.960823692,0.006123728,1.009855232,1.67E-06,2,nan,nan,nan,nan,nan,nan,nan
DE5,65,rcsC,nan,nan,0,,,,,,,,,0,37.38538168,12.40112894,3.014675668,nan,nan,3861.317317,1413.224367
DE5,66,fliO,nan,nan,1,,,,,,,,,1,34.93855949,12.12758721,2.880915955,nan,nan,3408.771641,1282.480276
DE5,67,fimC,1.047738755,0.141531274,2,0.952233256,0.014612385,0.826424785,0.009455834,1.060159433,0.013848105,0.924056954,1.56E-06,2,41.65328437,13.20337735,3.154744674,nan,nan,4868.934998,1668.594618
DE5,68,ompR,0.827183062,0.171741686,3,0.854435118,0.01077679,1.193018596,0.012636348,0.969145038,0.020091743,0.997782766,1.44E-06,3,37.73401127,13.33628599,2.829424271,nan,nan,4469.861384,1527.60036
DE5,69,gpmI,0.855564917,0.846119611,2,0.681130414,0.008663056,0.594210374,0.006166692,1.881776549,0.060297422,1.063608908,1.75E-06,3,47.26182956,11.74928177,4.022529247,nan,nan,4517.119516,1690.469862
DE5,70,tatC,nan,nan,0,0.7413239,0.012005199,0.453671949,0.005936684,1.958045953,0.274946887,1.140387245,2.25E-06,2,45.97535902,12.40924527,3.704927901,nan,nan,4728.754706,1697.275693
DE5,71,lacA,1.304116479,0.17631878,2,,,,,,,,,1,34.32730912,12.22958613,2.806906854,nan,nan,3388.056212,1272.653599
DE5,72,ddlB,nan,nan,1,,,,,,,,,1,33.61931723,11.39246249,2.951014082,nan,nan,2840.98792,1144.417119
DE5,73,yfgC,0.431532318,0.116580967,2,0.477068058,0.007331085,0.232126924,0.003605251,1.484892225,0.04485035,0.859494328,1.84E-06,2,36.96071464,13.50975988,2.735852819,nan,nan,4444.544757,1518.177078
DE5,74,guaB,0.758017247,0.096237825,2,0.903396902,0.013869875,1.440952868,0.017864092,1.514788968,0.012448407,0.729767996,1.31E-06,2,74.6253913,13.43030072,5.556494443,nan,nan,9673.039443,3068.098389
DE5,75,holD,nan,nan,0,,,,,,,,,0,44.56291299,12.75222081,3.494521751,nan,nan,4869.769688,1709.887686
DE5,76,WT,0.967822399,0.0915855,3,0.989859198,0.01252482,0.993668022,0.010031776,1.062402202,0.009713922,1.016985548,1.43E-06,3,nan,nan,nan,nan,nan,nan,nan
DE5,77,ycbC,nan,nan,0,,,,,,,,,0,41.30162619,13.22140537,3.123845388,nan,nan,4837.825923,1656.429033
DE5,78,pgm,0.396515751,0.046958648,2,0.939032526,0.014409936,1.413934942,0.017333677,1.163017448,0.007203897,0.969579749,1.62E-06,2,30.79442975,12.85483892,2.395551585,nan,nan,3312.324228,1203.689349
DE5,79,rfaF,1.445116435,0.888195127,2,,,,,,,,,1,40.60980653,13.08496357,3.103547544,nan,nan,4692.075589,1617.687281
DE5,80,quad mut poly,1.035316039,0.1188998,3,0.848706786,0.010718424,0.802713747,0.008003186,0.910138896,0.010605846,1.130227019,1.68E-06,3,nan,nan,nan,nan,nan,nan,nan
DE5,81,ycbC,0.551219999,0.075375167,3,0.72200333,0.009125857,0.586146536,0.005633228,1.353669026,0.013148885,1.015299078,1.57E-06,3,41.30162619,13.22140537,3.123845388,nan,nan,4837.825923,1656.429033
DE5,82,M1000 mreB,nan,nan,1,0.479201986,0.007365324,0.630534971,0.008030821,1.960220916,0.007656093,0.799311386,1.85E-06,2,nan,nan,nan,nan,nan,nan,nan
DE5,83,lipA,0.60126206,0.188202558,3,0.477980022,0.006058109,0.635538437,0.007307686,1.949844017,0.134288403,0.772126654,1.60E-06,3,33.7164395,13.38157459,2.519616751,nan,nan,3931.687197,1369.131347
DE5,84,,nan,nan,0,,,,,,,,,0,nan,nan,nan,nan,nan,nan,nan
DE5,85,mrcB,nan,nan,0,,,,,,,,,1,32.05802021,12.07085716,2.655819697,nan,nan,3056.262082,1172.115028
DE5,86,moaE,0.946280321,0.130733533,2,,,,,,,,,1,43.20282724,12.53792787,3.445770918,nan,nan,4650.246204,1654.314976
DE5,87,ychJ,nan,nan,1,,,,,,,,,1,35.85960706,11.37294643,3.153062162,nan,nan,3144.924008,1245.821185
DE5,88,WT,0.909294556,0.116535044,2,1.06859018,0.016403506,1.051462439,0.013301521,1.006034668,0.009350932,0.996161334,1.58E-06,2,nan,nan,nan,nan,nan,nan,nan
DE5,89,lipA,0.855237169,0.103502821,3,0.978991225,0.012348014,1.061153433,0.010972802,1.142942493,0.009252997,0.974043097,1.38E-06,3,33.7164395,13.38157459,2.519616751,nan,nan,3931.687197,1369.131347
DE5,90,MG1655,nan,nan,0,,,,,,,,,0,nan,nan,nan,nan,nan,nan,nan
DE5,91,pdxH,nan,nan,0,,,,,,,,,0,nan,nan,nan,nan,nan,nan,nan
DE5,92,DH5alpha,1.239171713,0.166537501,3,1.030373706,0.016854587,1.333115044,0.021010994,1.174580122,0.036608219,0.888606232,1.68E-06,2,nan,nan,nan,nan,nan,nan,nan
DE5,93,dsbA,nan,nan,1,,,,,,,,,0,37.1720034,12.50966744,2.971462156,nan,nan,3882.000089,1409.526583
DE5,94,,nan,nan,1,,,,,,,,,0,nan,nan,nan,nan,nan,nan,nan
DE5,95,,nan,nan,0,,,,,,,,,0,nan,nan,nan,nan,nan,nan,nan
mreB,0,mreB-A1,nan,nan,1,,,,,,,,,0,6.589894772,1.63072999,4.041070449,2.580130482,0.378536895,nan,nan
mreB,1,mreB-A2,2.551633327,0.598989425,2,,,,,,,,,1,3.511330312,0.880688992,3.987026458,0.846802782,0.038821958,nan,nan
mreB,2,mreB-A3,nan,nan,1,,,,,,,,,1,3.016108105,1.088714528,2.770338806,0.644779911,0.060279432,nan,nan
mreB,3,mreB-A4,nan,nan,1,,,,,,,,,1,3.541365721,1.291529176,2.741994364,0.838806453,0.098022927,nan,nan
mreB,4,mreB-A5,2.723559466,0.536700462,2,,,,,,,,,0,3.393615796,0.966668049,3.51063201,0.769640244,0.036317816,nan,nan
mreB,5,mreB-A6,2.124213881,0.356371201,3,28318000,463154.9417,13.73082734,0.166806149,67.46843649,2.249253496,245.3991255,47.12280306,2,4.266371283,1.457529953,2.927124259,1.11414365,0.121909326,nan,nan
mreB,6,mreB-A7,2.704747205,0.536244075,3,,,,,,,,,0,4.720205208,1.593303623,2.96252713,1.407971594,0.162346887,nan,nan
mreB,7,mreB-A8,2.784056346,1.438329755,2,,,,,,,,,1,4.456428694,0.871991892,5.110630885,1.343218532,0.05009234,nan,nan
mreB,8,mreB-A9,1.807379655,0.338228679,2,,,,,,,,,0,4.371392165,0.966800556,4.521503568,1.052232384,0.075880593,nan,nan
mreB,9,mreB-A10,2.622818427,0.363189235,3,,,,,,,,,0,3.973490817,0.956503964,4.154181231,1.040772908,0.089289069,nan,nan
mreB,10,mreB-A11,nan,nan,1,,,,,,,,,0,3.662948123,1.075117959,3.407019754,0.765953476,0.049622602,nan,nan
mreB,11,mreB-A12,nan,nan,1,,,,,,,,,0,3.979313468,1.038569285,3.831533945,0.83909247,0.039259197,nan,nan
mreB,12,mreB-B1,1.160036353,0.201164336,2,,,,,,,,,1,4.175914962,1.43360873,2.912869372,1.062672443,0.093521156,nan,nan
mreB,13,mreB-B2,nan,nan,1,,,,,,,,,0,3.754577291,0.944301638,3.976035981,0.84516774,0.040930639,nan,nan
mreB,14,mreB-B3,2.457696723,0.425279516,2,,,,,,,,,0,4.675570752,1.459631873,3.203253396,1.389419337,0.108764941,nan,nan
mreB,15,mreB-B4,1.227594035,0.110292233,3,,,,,,,,,1,3.280133883,1.272556111,2.577594698,0.790303226,0.062068919,nan,nan
mreB,16,mreB-B5,2.285545468,0.366288619,3,,,,,,,,,1,3.44302673,1.195096415,2.880961474,0.778801642,0.116844489,nan,nan
mreB,17,mreB-B6,2.321516346,0.380249785,2,,,,,,,,,1,3.379881454,1.109454902,3.046434286,0.720354409,0.073838738,nan,nan
mreB,18,mreB-B7,2.008006655,0.286943873,3,,,,,,,,,1,3.230109643,1.109976314,2.910070784,0.685986091,0.044040947,nan,nan
mreB,19,mreB-B8,3.120355511,0.740725559,3,29749000,1166621.618,17.08438945,0.155724705,90.25008789,4.164148431,225.7008877,34.42809143,3,4.748188031,0.914595714,5.191570394,1.240315097,0.061249202,nan,nan
mreB,20,mreB-B9,3.404340067,0.900815875,3,28038500,339764.8084,13.21376378,0.141483316,66.96521318,3.084957002,234.2965458,42.80451466,2,5.394666037,0.966252978,5.583078305,1.767434708,0.089215092,nan,nan
mreB,21,mreB-B10,2.37404241,0.317849257,3,,,,,,,,,1,3.780885761,1.288640674,2.934010882,0.868625221,0.059458622,nan,nan
mreB,22,mreB-B11,nan,nan,0,,,,,,,,,0,3.933495534,1.093932384,3.595739181,0.823988075,0.047948076,nan,nan
mreB,23,B12,nan,nan,0,,,,,,,,,0,3.942036448,1.344486928,2.932000577,0.981063988,0.060142857,nan,nan
mreB,24,,1.327800934,0.137488575,2,,,,,,,,,1,3.963015543,0.882879063,4.488741108,0.935626947,0.035613695,nan,nan
mreB,25,mreB-C2,2.537211091,0.661476353,2,31504500,1271731.546,17.6140807,0.215864735,51.56447297,1.580518548,240.7846058,43.76612038,2,3.104479064,1.309005935,2.371631007,0.7146587,0.055155769,nan,nan
mreB,26,mreB-C3,1.055204758,0.116137166,2,,,,,,,,,1,3.863062033,0.904625672,4.270343142,0.915066472,0.040955427,nan,nan
mreB,27,mreB-C4,1.215715097,0.217806691,3,31364000,1287145.679,13.92193536,0.136259616,55.22225152,0.793467497,248.7114921,35.43773823,3,3.463888488,1.251570812,2.767632846,0.802474621,0.05678354,nan,nan
mreB,28,mreB-C5,nan,nan,1,,,,,,,,,0,3.323695492,1.259565475,2.638763573,0.783481388,0.0599125,nan,nan
mreB,29,mreB-C6,2.759558538,0.642501477,3,27942000,1305319.118,12.1538311,0.14521673,51.05871678,1.997856978,243.1439222,45.56812919,2,4.069840063,1.373333861,2.963474636,0.936084919,0.114091596,nan,nan
mreB,30,mreB-C7,2.810867794,0.742241093,3,27817666.67,921292.128,15.25149412,0.140691467,70.08119482,1.6642178,241.1772531,38.79478674,3,5.061155167,1.006680463,5.02756868,1.261855599,0.087809223,nan,nan
mreB,31,mreB-C8,3.329645745,0.923560999,3,27483333.33,928787.1821,14.7651161,0.133399012,71.61332644,2.430520171,238.5446713,37.58173411,3,4.76530856,0.936381861,5.089065431,1.347505107,0.064348707,nan,nan
mreB,32,mreB-C9,3.196089245,0.476717755,3,,,,,,,,,1,4.172008436,1.445113374,2.886976559,0.955396062,0.084113816,nan,nan
mreB,33,mreB-C10,0.581529242,0.082164358,3,23063666.67,1125127.384,6.727536649,0.06652887,52.04749829,0.478031614,261.8103202,39.29869904,3,3.722919519,1.279993412,2.908545844,0.843543176,0.059121129,nan,nan
mreB,34,mreB-C11,1.239821701,0.129552703,2,,,,,,,,,0,3.467670192,1.225210514,2.830264802,0.744491331,0.062087844,nan,nan
mreB,35,mreB-C12,nan,nan,0,,,,,,,,,0,4.103947944,1.332671319,3.079489957,0.98199243,0.065367714,nan,nan
mreB,36,mreB-D1,1.276037049,0.139378166,2,,,,,,,,,0,3.499798258,1.000275487,3.498834374,0.756845213,0.042891916,nan,nan
mreB,37,mreB-D2,2.270073572,0.42744753,2,,,,,,,,,0,4.462117871,1.53956203,2.898303403,1.096551494,0.102303916,nan,nan
mreB,38,mreB-D3,1.475490211,0.3539393,2,24436000,655866.3482,7.742270552,0.075922138,55.83976189,1.294533264,255.4338891,37.62674405,3,3.356002301,1.315655453,2.550821565,0.909674673,0.076390317,nan,nan
mreB,39,mreB-D4,1.457964796,0.123320079,2,,,,,,,,,0,4.592317864,1.574352683,2.916956229,1.136947945,0.163690522,nan,nan
mreB,40,mreB-D5,2.023363554,0.380496421,2,,,,,,,,,0,4.089392166,1.323790841,3.089152788,0.997645362,0.081898559,nan,nan
mreB,41,mreB-D6,1.022851312,0.082659485,3,22671000,84852.81374,6.747265506,0.080683443,49.48530452,0.211244597,268.8923932,50.27631476,2,3.95457653,1.15601991,3.420855034,0.929244686,0.054669312,nan,nan
mreB,42,mreB-D7,nan,nan,0,,,,,,,,,0,5.242744829,0.872998644,6.005444416,2.009489961,0.052734796,nan,nan
mreB,43,mreB-D8,2.658715502,1.812053731,2,26457000,81317.27984,17.25704294,0.199418081,89.50821966,5.759214248,229.2254445,42.93962045,2,5.217659374,0.971233776,5.372197203,1.379952042,0.086262291,nan,nan
mreB,44,mreB-D9,2.157920607,0.37650716,3,29496000,1186733.425,16.24129418,0.147512136,60.87941749,1.111510616,234.7529654,35.60838284,3,3.990091327,1.255811319,3.17730161,0.879276978,0.054570294,nan,nan
mreB,45,mreB-D10,2.566629273,0.479363576,2,,,,,,,,,0,3.885888559,1.169064701,3.323929425,0.867876239,0.061353146,nan,nan
mreB,46,mreB-D11,nan,nan,0,,,,,,,,,0,3.803888436,1.070425626,3.553622357,0.904558048,0.0772248,nan,nan
mreB,47,mreB-D12,2.599496017,0.355133506,2,,,,,,,,,0,4.103947944,1.332671319,3.079489957,0.98199243,0.065367714,nan,nan
mreB,48,mreB-E1,0.251027895,0.025140962,3,18280000,913548.5148,6.591553112,0.064477419,79.8931901,0.624474984,190.6275305,28.93504301,3,3.802081069,0.914064431,4.159532898,0.887635305,0.034332993,nan,nan
mreB,49,mreB-E2,2.677675171,0.41178643,3,,,,,,,,,1,4.806880784,1.510337954,3.182652446,1.24313656,0.143578916,nan,nan
mreB,50,mreB-E3,1.641395448,0.184270301,3,27023000,881055.0494,12.39481054,0.145174085,46.81680316,0.464475807,245.537356,45.51793496,2,4.626703876,1.563500233,2.959196154,1.362104854,0.149690962,nan,nan
mreB,51,mreB-E4,0.685911163,0.114414273,2,,,,,,,,,1,5.173844701,1.660416109,3.115992837,1.497872288,0.1569458,nan,nan
mreB,52,mreB-E5,1.890762285,0.456418548,3,22967000,313612.6415,10.64152861,0.093905431,63.10447054,1.624678696,252.0039968,38.4549798,3,4.317023334,1.518052013,2.84379145,1.210453981,0.098771899,nan,nan
mreB,53,mreB-E6,0.894632843,0.09464561,2,,,,,,,,,1,4.565562336,1.595174544,2.862108321,1.193545464,0.11864573,nan,nan
mreB,54,mreB-E7,nan,nan,1,,,,,,,,,1,5.521505168,1.07015807,5.15952299,1.32840788,0.102870673,nan,nan
mreB,55,mreB-E8,2.500066073,0.780242108,3,,,,,,,,,1,4.777336548,0.929796844,5.138043411,1.466779177,0.068622775,nan,nan
mreB,56,mreB-E9,2.829650077,0.494111962,3,26802000,1085408.909,16.82297978,0.200748841,65.52963151,1.759897658,226.2651004,45.69984179,2,3.617127249,1.154062807,3.134255108,0.720323083,0.064241804,nan,nan
mreB,57,mreB-E10,1.076609123,0.105952391,3,,,,,,,,,0,4.17364031,1.005575294,4.150500052,0.962786049,0.077867047,nan,nan
mreB,58,mreB-E11,2.226450597,0.252049869,3,,,,,,,,,0,3.483115636,1.091555694,3.190964652,0.75227285,0.046646754,nan,nan
mreB,59,mreB-E12,1.930295979,0.216262219,2,,,,,,,,,1,3.191411979,1.253186128,2.54663845,0.664180185,0.061286547,nan,nan
mreB,60,,2.622574081,0.491702708,3,36665000,1718264.693,18.53302554,0.174569253,53.41558444,1.197234292,243.564816,35.35901934,3,3.223367339,1.024933418,3.144952913,0.699024576,0.041013878,nan,nan
mreB,61,mreB-F2,1.474018059,0.186654468,2,,,,,,,,,0,3.943358431,1.475144473,2.673201509,0.980608893,0.157394193,nan,nan
mreB,62,mreB-F3,nan,nan,1,,,,,,,,,0,3.957212696,0.936748036,4.224415256,0.903422459,0.065888408,nan,nan
mreB,63,mreB-F4,2.289411765,0.428880758,3,,,,,,,,,1,3.696714337,1.060661887,3.485290065,0.783717541,0.064373392,nan,nan
mreB,64,mreB-F5,2.280548998,0.835564206,2,,,,,,,,,0,3.994395604,1.29369512,3.087586512,1.210206804,0.09128076,nan,nan
mreB,65,mreB-F6,nan,nan,1,,,,,,,,,0,5.099701775,0.914561664,5.576115831,1.268028076,0.051565452,nan,nan
mreB,66,mreB-F7,2.78759138,0.343185792,3,29358500,164402.3266,20.98282607,0.230596954,53.63224833,0.729466343,240.7334643,50.21322117,2,4.983780579,0.950071037,5.245692571,1.546143015,0.087384942,nan,nan
mreB,67,mreB-F8,2.958972102,0.758047615,3,28917333.33,1473687.162,14.26621114,0.132984525,83.7924794,2.457495695,232.6792234,36.88738632,3,3.780682317,1.313050546,2.879312094,0.878861968,0.06411129,nan,nan
mreB,68,mreB-F9,3.008604295,0.398535508,3,30628333.33,1928313.848,22.79618729,0.172020781,54.9324373,0.653695818,234.6730817,36.58665794,3,3.737818988,1.270778233,2.941362145,0.97979913,0.090112567,nan,nan
mreB,69,mreB-F10,1.045547937,0.102781418,2,,,,,,,,,1,3.200469667,1.179028667,2.714496906,0.71424982,0.054459643,nan,nan
mreB,70,mreB-F11,1.077869251,0.083434178,3,,,,,,,,,1,3.351441116,1.013418654,3.307064758,0.737967953,0.038847087,nan,nan
mreB,71,mreB-F12,1.590111007,0.180397507,2,,,,,,,,,0,3.338031119,1.222219581,2.731122273,0.776343856,0.0732419,nan,nan
mreB,72,mreB-G1,1.898718231,0.284751455,2,,,,,,,,,0,3.718409025,1.407454381,2.641939288,0.933417577,0.10145441,nan,nan
mreB,73,mreB-G2,nan,nan,0,20770666.67,429257.8436,4.570360126,0.042612744,28.95549445,58.02283099,261.0407213,39.66612677,3,3.61507804,1.319779034,2.739154016,0.977729466,0.090867339,nan,nan
mreB,74,mreB-G3,1.568190931,0.15949994,3,27975500,863730.9332,10.35492594,0.111974821,49.54310036,0.533114467,262.0231834,48.25554249,2,3.694621341,1.385844199,2.665971647,0.940292401,0.156879679,nan,nan
mreB,75,mreB-G4,1.02889416,0.118963376,2,,,,,,,,,1,3.895462066,0.942226936,4.134314055,0.918561988,0.047061131,nan,nan
mreB,76,mreB-G5,1.207079267,0.129246432,3,25532000,116672.6189,9.432942954,0.108571167,57.0558576,0.420363131,250.1358886,45.79068984,2,4.460214757,1.086274485,4.105973967,1.053739364,0.114903393,nan,nan
mreB,77,mreB-G6,3.063351693,0.379574685,3,,,,,,,,,1,4.656009989,1.118349339,4.163287649,1.138220443,0.107851408,nan,nan
mreB,78,mreB-G7,2.701141384,0.6084554,3,24870333.33,657051.3819,14.31189706,0.139756431,68.77045636,1.633411263,244.5450295,39.37856721,3,4.642565818,1.014774625,4.574972318,1.171065844,0.114342163,nan,nan
mreB,79,mreB-G8,2.639643519,0.384035476,3,22697500,18738.3297,11.63629812,0.130113089,52.43474503,0.720405897,248.5425995,49.43365508,2,3.245157735,1.197683037,2.709529679,0.686706279,0.047730312,nan,nan
mreB,80,mreB-G9,0.853549944,0.164715849,3,26121333.33,334626.2702,11.09439493,0.090861213,52.0775483,0.439122685,263.8005888,37.27714201,3,3.564244196,1.294706337,2.752936394,0.930616508,0.083905169,nan,nan
mreB,81,mreB-G10,1.057507077,0.078800179,3,24590500,1219405.644,8.741677246,0.129993709,52.80539153,0.26263261,267.5811499,48.66060719,2,3.386473572,1.244157067,2.72190197,0.765614868,0.081755118,nan,nan
mreB,82,mreB-G11,2.627731563,0.365703326,2,26621500,1005152.289,21.53946154,0.253551816,46.11002785,0.677498639,250.8073864,52.34436704,2,3.041325786,1.191835365,2.551800253,0.638017714,0.06372283,nan,nan
mreB,83,mreB-G12,nan,nan,1,,,,,,,,,0,3.710517697,1.389058196,2.671247114,0.905265665,0.131622012,nan,nan
mreB,84,mreB-H1,nan,nan,1,,,,,,,,,0,3.377452917,1.421570717,2.375859939,0.855771881,0.110632471,nan,nan
mreB,85,mreB-H2,nan,nan,0,,,,,,,,,0,5.015909273,1.573239074,3.188268938,1.558441967,0.147189411,nan,nan
mreB,86,mreB-H3,2.23402573,0.295904971,3,30827500,329158.2066,25.29821847,0.276897628,54.87728692,1.326196606,236.5998373,46.85585057,2,4.650802931,1.513258924,3.07336891,1.282621044,0.131877302,nan,nan
mreB,87,mreB-H4,1.115942229,0.124830008,3,26892000,123036.5799,8.017137042,0.085147618,51.18074174,0.547224671,258.6843226,46.75779907,2,4.038197839,1.414498576,2.85486172,1.086876224,0.152416958,nan,nan
mreB,88,mreB-H5,nan,nan,1,,,,,,,,,1,5.443932184,0.888341651,6.128196488,3.257938248,0.069827348,nan,nan
mreB,89,mreB-H6,2.850964568,0.415898247,2,33879500,636042.5497,19.51475359,0.223449612,51.19974092,0.707761919,228.252348,44.48310062,2,5.029158351,0.850083335,5.916076862,1.961703427,0.043462173,nan,nan
mreB,90,mreB-H7,2.745684761,0.338715536,3,34138000,1031668.794,24.31876041,0.170141217,56.84584628,0.648355706,226.1470944,43.81363882,2,4.96793416,0.900424791,5.517322724,1.617189325,0.052977071,nan,nan
mreB,91,mreB-H8,2.147386131,0.601977776,2,,,,,,,,,1,3.812402257,1.016980094,3.74874816,0.794813759,0.03518427,nan,nan
mreB,92,mreB-H9,3.035196293,0.417236065,2,34577500,1262539.158,22.52296525,0.26171515,58.06917542,0.848835193,222.9469199,43.13464861,2,3.247787989,1.299164295,2.499905518,0.79128286,0.108145044,nan,nan
mreB,93,mreB-H10,nan,nan,1,,,,,,,,,0,3.310768884,1.059087021,3.12605935,0.65858197,0.049900613,nan,nan
mreB,94,mreB-H11,nan,nan,0,,,,,,,,,0,3.629639965,0.941373807,3.855684043,0.852887605,0.037764645,nan,nan
mreB,95,mreB-H12,nan,nan,0,,,,,,,,,0,nan,nan,nan,nan,nan,nan,nan
mrdA,0, ,nan,nan,0,,,,,,,,,,nan,nan,nan,nan,nan,nan,nan
mrdA,1,,nan,nan,0,,,,,,,,,,nan,nan,nan,nan,nan,nan,nan
mrdA,2,,nan,nan,0,,,,,,,,,,nan,nan,nan,nan,nan,nan,nan
mrdA,3,,nan,nan,0,,,,,,,,,,nan,nan,nan,nan,nan,nan,nan
mrdA,4,,nan,nan,0,,,,,,,,,,nan,nan,nan,nan,nan,nan,nan
mrdA,5,,nan,nan,0,,,,,,,,,,nan,nan,nan,nan,nan,nan,nan
mrdA,6,,nan,nan,0,,,,,,,,,,nan,nan,nan,nan,nan,nan,nan
mrdA,7,,nan,nan,0,,,,,,,,,,nan,nan,nan,nan,nan,nan,nan
mrdA,8,,nan,nan,0,,,,,,,,,,nan,nan,nan,nan,nan,nan,nan
mrdA,9,,nan,nan,0,,,,,,,,,,nan,nan,nan,nan,nan,nan,nan
mrdA,10,,nan,nan,0,,,,,,,,,,nan,nan,nan,nan,nan,nan,nan
mrdA,11,,nan,nan,0,,,,,,,,,,nan,nan,nan,nan,nan,nan,nan
mrdA,12,,nan,nan,0,,,,,,,,,,nan,nan,nan,nan,nan,nan,nan
mrdA,13,,nan,nan,0,,,,,,,,,,nan,nan,nan,nan,nan,nan,nan
mrdA,14,,nan,nan,0,,,,,,,,,,nan,nan,nan,nan,nan,nan,nan
mrdA,15,,nan,nan,0,,,,,,,,,,nan,nan,nan,nan,nan,nan,nan
mrdA,16,,nan,nan,0,,,,,,,,,,nan,nan,nan,nan,nan,nan,nan
mrdA,17,,nan,nan,0,,,,,,,,,,nan,nan,nan,nan,nan,nan,nan
mrdA,18,,nan,nan,0,,,,,,,,,,nan,nan,nan,nan,nan,nan,nan
mrdA,19,,nan,nan,0,,,,,,,,,,nan,nan,nan,nan,nan,nan,nan
mrdA,20,,nan,nan,0,,,,,,,,,,nan,nan,nan,nan,nan,nan,nan
mrdA,21,,nan,nan,0,,,,,,,,,,nan,nan,nan,nan,nan,nan,nan
mrdA,22,,nan,nan,0,,,,,,,,,,nan,nan,nan,nan,nan,nan,nan
mrdA,23,,nan,nan,0,,,,,,,,,,nan,nan,nan,nan,nan,nan,nan
mrdA,24,mrdA-C1,nan,nan,1,,,,,,,,,1,3.576616349,1.025308418,3.488332179,0.867132412,0.066106666,nan,nan
mrdA,25,mrdA-C2,nan,nan,1,,,,,,,,,0,3.422831473,1.127050241,3.036982156,0.937263869,0.105072416,nan,nan
mrdA,26,mrdA-C3,nan,nan,1,,,,,,,,,1,4.098040374,1.318892237,3.107183635,1.17615744,0.179448054,nan,nan
mrdA,27,mrdA-C4,nan,nan,0,,,,,,,,,0,3.992837123,1.029276039,3.879267537,0.881774179,0.055289286,nan,nan
mrdA,28,mrdA-C5,nan,nan,1,,,,,,,,,1,3.747345895,0.97356351,3.849102659,0.9905873,0.079091709,nan,nan
mrdA,29,mrdA-C6,nan,nan,1,,,,,,,,,1,4.017992277,1.141360363,3.520353788,0.954743019,0.117612146,nan,nan
mrdA,30,mrdA-C7,2.45316711,0.343444698,2,34022500,82377.94001,31.35736502,0.370971008,44.57509561,0.601963091,209.7362728,38.1080284,2,3.922507481,1.029284524,3.810906887,0.820724637,0.049201046,nan,nan
mrdA,31,mrdA-C8,1.603244322,0.178401854,2,,,,,,,,,1,4.396525561,1.294660604,3.395890433,1.226898813,0.176777122,nan,nan
mrdA,32,mrdA-C9,2.564637376,0.309551043,2,,,,,,,,,0,2.736379401,0.985824711,2.77572612,0.561722873,0.044608179,nan,nan
mrdA,33,,2.676261509,0.263476752,3,38464333.33,1420124.434,25.63439722,0.230283112,42.35455512,0.371438678,210.0211861,31.23486513,3,nan,nan,nan,nan,nan,nan,nan
mrdA,34,,nan,nan,0,,,,,,,,,,nan,nan,nan,nan,nan,nan,nan
mrdA,35,,nan,nan,0,,,,,,,,,,nan,nan,nan,nan,nan,nan,nan
mrdA,36,mrdA-D1,nan,nan,1,,,,,,,,,0,3.797110541,0.986541249,3.848912089,1.007872235,0.062157903,nan,nan
mrdA,37,mrdA-D2,2.519761119,0.341430623,3,,,,,,,,,1,3.463029746,1.038771023,3.333775846,0.882535348,0.074649795,nan,nan
mrdA,38,mrdA-D3,1.676110475,0.212343477,2,26783500,100762.7163,7.610750983,0.078880499,50.13672425,0.664246953,233.508625,40.93615727,2,3.416595679,1.204209386,2.837210636,0.820067557,0.081265492,nan,nan
mrdA,39,mrdA-D4,2.922544232,0.547649861,2,33872500,908278.6604,28.64830612,0.33694815,40.52460475,0.993415276,208.8023523,37.7021923,2,4.042442697,0.998930256,4.046771708,0.960381908,0.051014923,nan,nan
mrdA,40,mrdA-D5,2.542208022,0.362909173,2,,,,,,,,,1,3.712629852,1.068349657,3.47510745,0.948117142,0.070973934,nan,nan
mrdA,41,mrdA-D6,1.837181898,0.167140977,3,25458666.67,2087297.899,9.761993225,0.08377608,47.05375538,0.280212706,228.9903434,33.61291681,3,4.339997495,1.194787645,3.632442563,1.072173596,0.186919972,nan,nan
mrdA,42,mrdA-D7,nan,nan,1,,,,,,,,,0,3.846891334,1.06462489,3.613377227,0.895083022,0.057427679,nan,nan
mrdA,43,mrdA-D8,nan,nan,1,,,,,,,,,0,3.144316977,1.10974139,2.833378123,0.85717203,0.097665372,nan,nan
mrdA,44,mrdA-D9,2.222563848,0.254083286,2,30779500,1376383.35,20.4492844,0.238943556,45.6050444,0.357874382,214.3168234,38.57052964,2,3.711763187,1.012484212,3.665996115,0.804531907,0.051182328,nan,nan
mrdA,45,mrdA-D10,2.441479501,0.269863973,2,36168000,43133.51365,27.74599937,0.312830663,46.70590998,0.549137223,206.2364473,38.66540065,2,4.085680792,0.917996553,4.450649383,0.841771399,0.070030591,nan,nan
mrdA,46,,nan,nan,0,,,,,,,,,,nan,nan,nan,nan,nan,nan,nan
mrdA,47,,nan,nan,0,,,,,,,,,,nan,nan,nan,nan,nan,nan,nan
mrdA,48,mrdA-E1,2.802540281,0.475942549,2,,,,,,,,,1,4.036299401,0.986541249,4.09136405,0.922334874,0.091991236,nan,nan
mrdA,49,mrdA-E2,2.550828044,0.60522866,2,,,,,,,,,0,3.172721329,1.038771023,3.054302881,0.827604866,0.111216159,nan,nan
mrdA,50,mrdA-E3,1.991971088,0.190753373,3,25511000,77074.63915,9.009741714,0.089057363,52.615326,0.698314185,231.7595637,41.51017474,2,4.220890955,1.204209386,3.505113814,0.983904064,0.124569527,nan,nan
mrdA,51,mrdA-E4,2.44169173,0.277063402,3,31112000,169705.6275,19.77894843,0.229011084,43.84015336,0.819783567,220.3865454,39.61391367,2,4.706116857,0.998930256,4.71115659,1.176804365,0.109387668,nan,nan
mrdA,52,mrdA-E5,1.907164734,0.180385484,3,28411000,417901.9024,10.39197593,0.093063079,46.9860459,0.28158374,231.1005509,32.80078198,3,3.03121727,1.068349657,2.837289505,0.831447993,0.115432173,nan,nan
mrdA,53,mrdA-E6,1.48602686,0.111662034,3,24463000,674579.8693,6.678732013,0.067585431,49.11067775,0.28142002,231.2611558,41.301847,2,3.879770588,1.194787645,3.247246994,0.874410392,0.063265183,nan,nan
mrdA,54,mrdA-E7,1.490201454,0.118865041,3,25992000,618480.5755,8.7145067,0.07784084,43.90423393,0.218413523,229.2256372,33.20123558,3,3.836958186,1.06462489,3.604047042,0.930331416,0.124693635,nan,nan
mrdA,55,mrdA-E8,2.390640972,0.266734064,2,,,,,,,,,0,3.587958662,1.10974139,3.233148455,0.849790561,0.058931874,nan,nan
mrdA,56,mrdA-E9,1.948020642,0.195086835,3,27929000,366281.3127,13.55687236,0.182936337,48.49985548,0.386662235,221.3508766,40.35801567,2,3.713140402,1.012484212,3.667356349,0.812288861,0.067449607,nan,nan
mrdA,57,mrdA-E10,nan,nan,0,,,,,,,,,0,4.055203485,0.917996553,4.417449577,0.888835707,0.05338927,nan,nan
mrdA,58,,nan,nan,0,,,,,,,,,,nan,nan,nan,nan,nan,nan,nan
mrdA,59,,nan,nan,0,,,,,,,,,,nan,nan,nan,nan,nan,nan,nan
mrdA,60,mrdA-F1,nan,nan,1,,,,,,,,,0,4.21717263,1.028965479,4.098458808,0.895028215,0.078324874,nan,nan
mrdA,61,mrdA-F2,nan,nan,1,,,,,,,,,0,3.291318669,1.127553395,2.918991404,0.842627298,0.100820795,nan,nan
mrdA,62,mrdA-F3,2.725300156,0.341281183,3,,,,,,,,,1,4.079140064,1.078210519,3.783250108,0.956452903,0.068218279,nan,nan
mrdA,63,mrdA-F4,2.328527864,0.298157447,2,,,,,,,,,0,3.451545813,1.094477881,3.153600336,0.984982445,0.112706407,nan,nan
mrdA,64,mrdA-F5,2.230281266,0.227149488,3,30559000,820950.973,15.30201179,0.171307494,46.58914526,0.735898236,220.9111559,39.31856298,2,3.432515847,1.097059376,3.128833244,0.843009508,0.069994678,nan,nan
mrdA,65,mrdA-F6,nan,nan,1,,,,,,,,,1,3.70179521,1.034589205,3.578033863,0.903637573,0.056493921,nan,nan
mrdA,66,mrdA-F7,2.70650447,0.303471804,2,36403500,501692.2613,31.15430327,0.337097092,41.26008417,0.435258015,208.40492,38.43852398,2,4.275574296,1.017524918,4.201935716,0.985440976,0.090290055,nan,nan
mrdA,67,mrdA-F8,2.607591878,0.23438321,3,34658000,1218443.087,21.81967684,0.217106903,40.26866064,0.29389682,210.9338245,32.19377959,3,4.204398301,1.012995066,4.150462765,0.888874942,0.052888975,nan,nan
mrdA,68,mrdA-F9,1.46015681,0.115851388,3,29539666.67,392032.9729,8.843984202,0.074557097,46.37432356,0.188750872,228.5115972,32.3009294,3,3.500244967,1.199549321,2.917966695,0.826143191,0.125812551,nan,nan
mrdA,69,mrdA-F10,nan,nan,0,,,,,,,,,0,3.387402979,0.96878939,3.49653187,0.79111674,0.047789115,nan,nan
mrdA,70,,nan,nan,0,,,,,,,,,,nan,nan,nan,nan,nan,nan,nan
mrdA,71,,nan,nan,0,,,,,,,,,,nan,nan,nan,nan,nan,nan,nan
mrdA,72,,nan,nan,0,,,,,,,,,,nan,nan,nan,nan,nan,nan,nan
mrdA,73,,nan,nan,0,,,,,,,,,,nan,nan,nan,nan,nan,nan,nan
mrdA,74,,nan,nan,0,,,,,,,,,,nan,nan,nan,nan,nan,nan,nan
mrdA,75,,nan,nan,0,,,,,,,,,,nan,nan,nan,nan,nan,nan,nan
mrdA,76,,nan,nan,0,,,,,,,,,,nan,nan,nan,nan,nan,nan,nan
mrdA,77,,nan,nan,0,,,,,,,,,,nan,nan,nan,nan,nan,nan,nan
mrdA,78,,nan,nan,0,,,,,,,,,,nan,nan,nan,nan,nan,nan,nan
mrdA,79,,nan,nan,0,,,,,,,,,,nan,nan,nan,nan,nan,nan,nan
mrdA,80,,nan,nan,0,,,,,,,,,,nan,nan,nan,nan,nan,nan,nan
mrdA,81,,nan,nan,0,,,,,,,,,,nan,nan,nan,nan,nan,nan,nan
mrdA,82,,nan,nan,0,,,,,,,,,,nan,nan,nan,nan,nan,nan,nan
mrdA,83,,nan,nan,0,,,,,,,,,,nan,nan,nan,nan,nan,nan,nan
mrdA,84,,nan,nan,0,,,,,,,,,,nan,nan,nan,nan,nan,nan,nan
mrdA,85,,nan,nan,0,,,,,,,,,,nan,nan,nan,nan,nan,nan,nan
mrdA,86,,nan,nan,0,,,,,,,,,,nan,nan,nan,nan,nan,nan,nan
mrdA,87,,nan,nan,0,,,,,,,,,,nan,nan,nan,nan,nan,nan,nan
mrdA,88,,nan,nan,0,,,,,,,,,,nan,nan,nan,nan,nan,nan,nan
mrdA,89,,nan,nan,0,,,,,,,,,,nan,nan,nan,nan,nan,nan,nan
mrdA,90,,nan,nan,0,,,,,,,,,,nan,nan,nan,nan,nan,nan,nan
mrdA,91,,nan,nan,0,,,,,,,,,,nan,nan,nan,nan,nan,nan,nan
mrdA,92,,nan,nan,0,,,,,,,,,,nan,nan,nan,nan,nan,nan,nan
mrdA,93,,nan,nan,0,,,,,,,,,,nan,nan,nan,nan,nan,nan,nan
mrdA,94,,nan,nan,0,,,,,,,,,,nan,nan,nan,nan,nan,nan,nan
mrdA,95,,nan,nan,0,,,,,,,,,,nan,nan,nan,nan,nan,nan,nan