,Genotype,Chloramphenicol concentration (ug/mL),Expected initial mutant fraction,Measured initial mutant fraction,Measured initial mutant fraction error,Replicate,Establishment probability,Establishment probability error
0,BW25113,0,0.002,0.003176044,0.000691968,0,0,0
1,BW25113,0,0.002,0.003176044,0.000691968,1,0,0
2,BW25113,0,0.002,0.003176044,0.000691968,2,0,0
3,BW25113,0,0.002,0.003176044,0.000691968,3,0,0
4,BW25113,0,0.002,0.003176044,0.000691968,4,0,0
5,BW25113,0,0.002,0.003176044,0.000691968,5,0,0
6,BW25113,0,0.002,0.003176044,0.000691968,6,0,0
7,BW25113,0,0.002,0.003176044,0.000691968,7,0,0
8,BW25113,0,0.005,0.016806723,0.011783858,0,0,0
9,BW25113,0,0.005,0.016806723,0.011783858,1,0,0
10,BW25113,0,0.005,0.016806723,0.011783858,2,0,0
11,BW25113,0,0.005,0.016806723,0.011783858,3,0,0
12,BW25113,0,0.005,0.016806723,0.011783858,4,0,0
13,BW25113,0,0.005,0.016806723,0.011783858,5,0,0
14,BW25113,0,0.005,0.016806723,0.011783858,6,0,0
15,BW25113,0,0.005,0.016806723,0.011783858,7,0,0
16,BW25113,0,0.02,0.004651163,0.004640334,0,0.0327836,0.032707269
17,BW25113,0,0.02,0.004651163,0.004640334,1,0,0
18,BW25113,0,0.02,0.004651163,0.004640334,2,0,0
19,BW25113,0,0.02,0.004651163,0.004640334,3,0,0
20,BW25113,0,0.02,0.004651163,0.004640334,4,0.032637146,0.032561157
21,BW25113,0,0.02,0.004651163,0.004640334,5,0,0
22,BW25113,0,0.02,0.004651163,0.004640334,6,0.030241728,0.030171316
23,BW25113,0,0.02,0.004651163,0.004640334,7,0,0
24,BW25113,1,0.002,0.003176044,0.000691968,0,0,0
25,BW25113,1,0.002,0.003176044,0.000691968,1,0,0
26,BW25113,1,0.002,0.003176044,0.000691968,2,0.054730177,0.011924122
27,BW25113,1,0.002,0.003176044,0.000691968,3,0,0
28,BW25113,1,0.002,0.003176044,0.000691968,4,0,0
29,BW25113,1,0.002,0.003176044,0.000691968,5,0,0
30,BW25113,1,0.002,0.003176044,0.000691968,6,0,0
31,BW25113,1,0.002,0.003176044,0.000691968,7,0,0
32,BW25113,1,0.005,0.016806723,0.011783858,0,0.009053019,0.00634743
33,BW25113,1,0.005,0.016806723,0.011783858,1,0.02112143,0.014809069
34,BW25113,1,0.005,0.016806723,0.011783858,2,0.010184586,0.007140816
35,BW25113,1,0.005,0.016806723,0.011783858,3,0.009526833,0.006679639
36,BW25113,1,0.005,0.016806723,0.011783858,4,0,0
37,BW25113,1,0.005,0.016806723,0.011783858,5,0,0
38,BW25113,1,0.005,0.016806723,0.011783858,6,0,0
39,BW25113,1,0.005,0.016806723,0.011783858,7,0,0
40,BW25113,1,0.02,0.004651163,0.004640334,0,0.0655672,0.065414539
41,BW25113,1,0.02,0.004651163,0.004640334,1,0.033623932,0.033545645
42,BW25113,1,0.02,0.004651163,0.004640334,2,0.077136331,0.076956733
43,BW25113,1,0.02,0.004651163,0.004640334,3,0.034593639,0.034513094
44,BW25113,1,0.02,0.004651163,0.004640334,4,0,0
45,BW25113,1,0.02,0.004651163,0.004640334,5,0,0
46,BW25113,1,0.02,0.004651163,0.004640334,6,0,0
47,BW25113,1,0.02,0.004651163,0.004640334,7,0.067723806,0.067566124
48,BW25113,2,0.002,0.003176044,0.000691968,0,0.160878707,0.035050815
49,BW25113,2,0.002,0.003176044,0.000691968,1,0,0
50,BW25113,2,0.002,0.003176044,0.000691968,2,0.109460354,0.023848244
51,BW25113,2,0.002,0.003176044,0.000691968,3,0.205093745,0.044683993
52,BW25113,2,0.002,0.003176044,0.000691968,4,0.048231866,0.010508328
53,BW25113,2,0.002,0.003176044,0.000691968,5,0.100606916,0.021919336
54,BW25113,2,0.002,0.003176044,0.000691968,6,0.290095673,0.063203453
55,BW25113,2,0.002,0.003176044,0.000691968,7,0.125999782,0.027451707
56,BW25113,2,0.005,0.016806723,0.011783858,0,0.009053019,0.00634743
57,BW25113,2,0.005,0.016806723,0.011783858,1,0.02112143,0.014809069
58,BW25113,2,0.005,0.016806723,0.011783858,2,0,0
59,BW25113,2,0.005,0.016806723,0.011783858,3,0.009526833,0.006679639
60,BW25113,2,0.005,0.016806723,0.011783858,4,0.019012153,0.013330172
61,BW25113,2,0.005,0.016806723,0.011783858,5,0.019568696,0.013720386
62,BW25113,2,0.005,0.016806723,0.011783858,6,0.029571279,0.020733592
63,BW25113,2,0.005,0.016806723,0.011783858,7,0.01698822,0.011911112
64,BW25113,2,0.02,0.004651163,0.004640334,0,0.229485199,0.228950885
65,BW25113,2,0.02,0.004651163,0.004640334,1,0.235367526,0.234819517
66,BW25113,2,0.02,0.004651163,0.004640334,2,0.077136331,0.076956733
67,BW25113,2,0.02,0.004651163,0.004640334,3,0.172968196,0.172565472
68,BW25113,2,0.02,0.004651163,0.004640334,4,0.228460024,0.227928097
69,BW25113,2,0.02,0.004651163,0.004640334,5,0.138374557,0.138052378
70,BW25113,2,0.02,0.004651163,0.004640334,6,0.120966912,0.120685263
71,BW25113,2,0.02,0.004651163,0.004640334,7,0.135447613,0.135132248
72,BW25113,3,0.002,0.003176044,0.000691968,0,0.321757413,0.07010163
73,BW25113,3,0.002,0.003176044,0.000691968,1,0.221819675,0.048328089
74,BW25113,3,0.002,0.003176044,0.000691968,2,0.383111237,0.083468853
75,BW25113,3,0.002,0.003176044,0.000691968,3,0.256367182,0.055854991
76,BW25113,3,0.002,0.003176044,0.000691968,4,0.337623063,0.073558296
77,BW25113,3,0.002,0.003176044,0.000691968,5,0.503034582,0.10959668
78,BW25113,3,0.002,0.003176044,0.000691968,6,0.241746394,0.052669544
79,BW25113,3,0.002,0.003176044,0.000691968,7,0.251999565,0.054903413
80,BW25113,3,0.005,0.016806723,0.011783858,0,0.144848308,0.101558874
81,BW25113,3,0.005,0.016806723,0.011783858,1,0.147850011,0.103663486
82,BW25113,3,0.005,0.016806723,0.011783858,2,0.142584207,0.099971423
83,BW25113,3,0.005,0.016806723,0.011783858,3,0.133375659,0.093514946
84,BW25113,3,0.005,0.016806723,0.011783858,4,0.08555469,0.059985774
85,BW25113,3,0.005,0.016806723,0.011783858,5,0.09784348,0.068601931
86,BW25113,3,0.005,0.016806723,0.011783858,6,0.098570928,0.069111974
87,BW25113,3,0.005,0.016806723,0.011783858,7,0.084941099,0.059555561
88,BW25113,3,0.02,0.004651163,0.004640334,0,,
89,BW25113,3,0.02,0.004651163,0.004640334,1,,
90,BW25113,3,0.02,0.004651163,0.004640334,2,,
91,BW25113,3,0.02,0.004651163,0.004640334,3,,
92,BW25113,3,0.02,0.004651163,0.004640334,4,0.359008609,0.358172724
93,BW25113,3,0.02,0.004651163,0.004640334,5,0.415123671,0.414157133
94,BW25113,3,0.02,0.004651163,0.004640334,6,0.483867647,0.482741051
95,BW25113,3,0.02,0.004651163,0.004640334,7,0.372480936,0.371613683
96,DH5alpha,0,0.002,0.002564103,0.001810768,0,0,0
97,DH5alpha,0,0.002,0.002564103,0.001810768,1,0,0
98,DH5alpha,0,0.002,0.002564103,0.001810768,2,0.138088506,0.097518047
99,DH5alpha,0,0.002,0.002564103,0.001810768,3,0.064132692,0.045290481
100,DH5alpha,0,0.002,0.002564103,0.001810768,4,0.060720704,0.042880936
101,DH5alpha,0,0.002,0.002564103,0.001810768,5,0.131825105,0.093094836
102,DH5alpha,0,0.002,0.002564103,0.001810768,6,0.124617456,0.088004797
103,DH5alpha,0,0.002,0.002564103,0.001810768,7,0.05651558,0.03991128
104,DH5alpha,0,0.005,0.01010101,0.004494436,0,0.014346265,0.006383359
105,DH5alpha,0,0.005,0.01010101,0.004494436,1,0.030965298,0.013777985
106,DH5alpha,0,0.005,0.01010101,0.004494436,2,,
107,DH5alpha,0,0.005,0.01010101,0.004494436,3,0.032089993,0.014278417
108,DH5alpha,0,0.005,0.01010101,0.004494436,4,,
109,DH5alpha,0,0.005,0.01010101,0.004494436,5,0.048963802,0.021786405
110,DH5alpha,0,0.005,0.01010101,0.004494436,6,0.043797014,0.019487447
111,DH5alpha,0,0.005,0.01010101,0.004494436,7,0.015556854,0.00692201
112,DH5alpha,0,0.02,0.020446097,0.006101382,0,0.007441596,0.002220669
113,DH5alpha,0,0.02,0.020446097,0.006101382,1,0.007869505,0.002348363
114,DH5alpha,0,0.02,0.020446097,0.006101382,2,0.007260137,0.00216652
115,DH5alpha,0,0.02,0.020446097,0.006101382,3,0.01433113,0.004276596
116,DH5alpha,0,0.02,0.020446097,0.006101382,4,0.03096066,0.009239065
117,DH5alpha,0,0.02,0.020446097,0.006101382,5,0.006710866,0.00200261
118,DH5alpha,0,0.02,0.020446097,0.006101382,6,0.007357424,0.002195551
119,DH5alpha,0,0.02,0.020446097,0.006101382,7,0.006982171,0.002083571
120,DH5alpha,1,0.002,0.002564103,0.001810768,0,0.619755283,0.437670928
121,DH5alpha,1,0.002,0.002564103,0.001810768,1,0.262993552,0.185725939
122,DH5alpha,1,0.002,0.002564103,0.001810768,2,0.414265519,0.292554141
123,DH5alpha,1,0.002,0.002564103,0.001810768,3,0.320663458,0.226452403
124,DH5alpha,1,0.002,0.002564103,0.001810768,4,0.242882815,0.171523745
125,DH5alpha,1,0.002,0.002564103,0.001810768,5,0.065912553,0.046547418
126,DH5alpha,1,0.002,0.002564103,0.001810768,6,0.062308728,0.044002398
127,DH5alpha,1,0.002,0.002564103,0.001810768,7,0.282577901,0.199556398
128,DH5alpha,1,0.005,0.01010101,0.004494436,0,0.100423857,0.044683516
129,DH5alpha,1,0.005,0.01010101,0.004494436,1,0.092895893,0.041333954
130,DH5alpha,1,0.005,0.01010101,0.004494436,2,,
131,DH5alpha,1,0.005,0.01010101,0.004494436,3,0.064179986,0.028556834
132,DH5alpha,1,0.005,0.01010101,0.004494436,4,,
133,DH5alpha,1,0.005,0.01010101,0.004494436,5,0.130570139,0.05809708
134,DH5alpha,1,0.005,0.01010101,0.004494436,6,0.116792036,0.051966524
135,DH5alpha,1,0.005,0.01010101,0.004494436,7,0.140011688,0.06229809
136,DH5alpha,1,0.02,0.020446097,0.006101382,0,0.074415957,0.022206693
137,DH5alpha,1,0.02,0.020446097,0.006101382,1,0.10230356,0.030528718
138,DH5alpha,1,0.02,0.020446097,0.006101382,2,0.04356082,0.012999118
139,DH5alpha,1,0.02,0.020446097,0.006101382,3,0.107483479,0.032074474
140,DH5alpha,1,0.02,0.020446097,0.006101382,4,0.077401649,0.023097663
141,DH5alpha,1,0.02,0.020446097,0.006101382,5,0.067108659,0.0200261
142,DH5alpha,1,0.02,0.020446097,0.006101382,6,0.073574241,0.021955514
143,DH5alpha,1,0.02,0.020446097,0.006101382,7,0.048875199,0.014584998
144,DH5alpha,2,0.002,0.002564103,0.001810768,0,0.619755283,0.437670928
145,DH5alpha,2,0.002,0.002564103,0.001810768,1,0.723232268,0.510746332
146,DH5alpha,2,0.002,0.002564103,0.001810768,2,0.828531039,0.585108281
147,DH5alpha,2,0.002,0.002564103,0.001810768,3,0.769592299,0.543485767
148,DH5alpha,2,0.002,0.002564103,0.001810768,4,0.667927741,0.471690298
149,DH5alpha,2,0.002,0.002564103,0.001810768,5,0.659125527,0.465474178
150,DH5alpha,2,0.002,0.002564103,0.001810768,6,0.934630921,0.660035975
151,DH5alpha,2,0.002,0.002564103,0.001810768,7,0.621671382,0.439024077
152,DH5alpha,2,0.005,0.01010101,0.004494436,0,0.157808918,0.070216953
153,DH5alpha,2,0.005,0.01010101,0.004494436,1,0.201274434,0.0895569
154,DH5alpha,2,0.005,0.01010101,0.004494436,2,,
155,DH5alpha,2,0.005,0.01010101,0.004494436,3,0.224629952,0.09994892
156,DH5alpha,2,0.005,0.01010101,0.004494436,4,,
157,DH5alpha,2,0.005,0.01010101,0.004494436,5,,
158,DH5alpha,2,0.005,0.01010101,0.004494436,6,,
159,DH5alpha,2,0.005,0.01010101,0.004494436,7,,
160,DH5alpha,2,0.02,0.020446097,0.006101382,0,,
161,DH5alpha,2,0.02,0.020446097,0.006101382,1,,
162,DH5alpha,2,0.02,0.020446097,0.006101382,2,,
163,DH5alpha,2,0.02,0.020446097,0.006101382,3,,
164,DH5alpha,2,0.02,0.020446097,0.006101382,4,,
165,DH5alpha,2,0.02,0.020446097,0.006101382,5,,
166,DH5alpha,2,0.02,0.020446097,0.006101382,6,,
167,DH5alpha,2,0.02,0.020446097,0.006101382,7,,
168,DH5alpha,3,0.002,0.002564103,0.001810768,0,,
169,DH5alpha,3,0.002,0.002564103,0.001810768,1,,
170,DH5alpha,3,0.002,0.002564103,0.001810768,2,1.035663798,0.731385352
171,DH5alpha,3,0.002,0.002564103,0.001810768,3,0.705459607,0.498195287
172,DH5alpha,3,0.002,0.002564103,0.001810768,4,,
173,DH5alpha,3,0.002,0.002564103,0.001810768,5,,
174,DH5alpha,3,0.002,0.002564103,0.001810768,6,,
175,DH5alpha,3,0.002,0.002564103,0.001810768,7,,
176,DH5alpha,3,0.005,0.01010101,0.004494436,0,,
177,DH5alpha,3,0.005,0.01010101,0.004494436,1,,
178,DH5alpha,3,0.005,0.01010101,0.004494436,2,,
179,DH5alpha,3,0.005,0.01010101,0.004494436,3,,
180,DH5alpha,3,0.005,0.01010101,0.004494436,4,,
181,DH5alpha,3,0.005,0.01010101,0.004494436,5,,
182,DH5alpha,3,0.005,0.01010101,0.004494436,6,,
183,DH5alpha,3,0.005,0.01010101,0.004494436,7,,
184,DH5alpha,3,0.02,0.020446097,0.006101382,0,,
185,DH5alpha,3,0.02,0.020446097,0.006101382,1,,
186,DH5alpha,3,0.02,0.020446097,0.006101382,2,,
187,DH5alpha,3,0.02,0.020446097,0.006101382,3,,
188,DH5alpha,3,0.02,0.020446097,0.006101382,4,,
189,DH5alpha,3,0.02,0.020446097,0.006101382,5,,
190,DH5alpha,3,0.02,0.020446097,0.006101382,6,,
191,DH5alpha,3,0.02,0.020446097,0.006101382,7,,
192,MG1655,0,0.002,0.001784845,0.000537671,0,0,0
193,MG1655,0,0.002,0.001784845,0.000537671,1,0,0
194,MG1655,0,0.002,0.001784845,0.000537671,2,0,0
195,MG1655,0,0.002,0.001784845,0.000537671,3,0,0
196,MG1655,0,0.002,0.001784845,0.000537671,4,0,0
197,MG1655,0,0.002,0.001784845,0.000537671,5,0,0
198,MG1655,0,0.002,0.001784845,0.000537671,6,0,0
199,MG1655,0,0.002,0.001784845,0.000537671,7,0,0
200,MG1655,0,0.005,0.002087683,0.001042751,0,0,0
201,MG1655,0,0.005,0.002087683,0.001042751,1,0,0
202,MG1655,0,0.005,0.002087683,0.001042751,2,0,0
203,MG1655,0,0.005,0.002087683,0.001042751,3,0,0
204,MG1655,0,0.005,0.002087683,0.001042751,4,0.081774672,0.040844631
205,MG1655,0,0.005,0.002087683,0.001042751,5,0,0
206,MG1655,0,0.005,0.002087683,0.001042751,6,0,0
207,MG1655,0,0.005,0.002087683,0.001042751,7,0,0
208,MG1655,0,0.02,0.027777778,0.027389258,0,0,0
209,MG1655,0,0.02,0.027777778,0.027389258,1,0,0
210,MG1655,0,0.02,0.027777778,0.027389258,2,0,0
211,MG1655,0,0.02,0.027777778,0.027389258,3,0,0
212,MG1655,0,0.02,0.027777778,0.027389258,4,0,0
213,MG1655,0,0.02,0.027777778,0.027389258,5,0,0
214,MG1655,0,0.02,0.027777778,0.027389258,6,0,0
215,MG1655,0,0.02,0.027777778,0.027389258,7,0,0
216,MG1655,1,0.002,0.001784845,0.000537671,0,0,0
217,MG1655,1,0.002,0.001784845,0.000537671,1,0,0
218,MG1655,1,0.002,0.001784845,0.000537671,2,0,0
219,MG1655,1,0.002,0.001784845,0.000537671,3,0,0
220,MG1655,1,0.002,0.001784845,0.000537671,4,0,0
221,MG1655,1,0.002,0.001784845,0.000537671,5,0,0
222,MG1655,1,0.002,0.001784845,0.000537671,6,0,0
223,MG1655,1,0.002,0.001784845,0.000537671,7,0,0
224,MG1655,1,0.005,0.002087683,0.001042751,0,0,0
225,MG1655,1,0.005,0.002087683,0.001042751,1,0,0
226,MG1655,1,0.005,0.002087683,0.001042751,2,0.068524058,0.034226244
227,MG1655,1,0.005,0.002087683,0.001042751,3,0.086852795,0.04338104
228,MG1655,1,0.005,0.002087683,0.001042751,4,0,0
229,MG1655,1,0.005,0.002087683,0.001042751,5,0,0
230,MG1655,1,0.005,0.002087683,0.001042751,6,0.075620405,0.037770711
231,MG1655,1,0.005,0.002087683,0.001042751,7,0,0
232,MG1655,1,0.02,0.027777778,0.027389258,0,0.005657038,0.005577914
233,MG1655,1,0.02,0.027777778,0.027389258,1,0,0
234,MG1655,1,0.02,0.027777778,0.027389258,2,0.005949129,0.005865921
235,MG1655,1,0.02,0.027777778,0.027389258,3,0.012324205,0.01215183
236,MG1655,1,0.02,0.027777778,0.027389258,4,0.006084237,0.005999138
237,MG1655,1,0.02,0.027777778,0.027389258,5,0.005697222,0.005617536
238,MG1655,1,0.02,0.027777778,0.027389258,6,0.010617458,0.010468954
239,MG1655,1,0.02,0.027777778,0.027389258,7,0.005128472,0.005056742
240,MG1655,2,0.002,0.001784845,0.000537671,0,0.190850504,0.057492217
241,MG1655,2,0.002,0.001784845,0.000537671,1,0,0
242,MG1655,2,0.002,0.001784845,0.000537671,2,0,0
243,MG1655,2,0.002,0.001784845,0.000537671,3,0.099981033,0.030118502
244,MG1655,2,0.002,0.001784845,0.000537671,4,0.092132833,0.027754293
245,MG1655,2,0.002,0.001784845,0.000537671,5,0.077351689,0.023301589
246,MG1655,2,0.002,0.001784845,0.000537671,6,0.266626581,0.080319165
247,MG1655,2,0.002,0.001784845,0.000537671,7,0,0
248,MG1655,2,0.005,0.002087683,0.001042751,0,0.068089028,0.034008956
249,MG1655,2,0.005,0.002087683,0.001042751,1,0.073376336,0.036649848
250,MG1655,2,0.005,0.002087683,0.001042751,2,0.205572174,0.102678731
251,MG1655,2,0.005,0.002087683,0.001042751,3,0.086852795,0.04338104
252,MG1655,2,0.005,0.002087683,0.001042751,4,0.163549344,0.081689261
253,MG1655,2,0.005,0.002087683,0.001042751,5,0.137630813,0.068743531
254,MG1655,2,0.005,0.002087683,0.001042751,6,0.226861215,0.113312133
255,MG1655,2,0.005,0.002087683,0.001042751,7,0.13913191,0.069493296
256,MG1655,2,0.02,0.027777778,0.027389258,0,0.022628151,0.022311658
257,MG1655,2,0.02,0.027777778,0.027389258,1,0.028486109,0.028087682
258,MG1655,2,0.02,0.027777778,0.027389258,2,0.035694776,0.035195524
259,MG1655,2,0.02,0.027777778,0.027389258,3,0.036972616,0.036455491
260,MG1655,2,0.02,0.027777778,0.027389258,4,0.03650542,0.035994829
261,MG1655,2,0.02,0.027777778,0.027389258,5,0.028486109,0.028087682
262,MG1655,2,0.02,0.027777778,0.027389258,6,0.053087288,0.052344772
263,MG1655,2,0.02,0.027777778,0.027389258,7,0.025642361,0.025283709
264,MG1655,3,0.002,0.001784845,0.000537671,0,0.190850504,0.057492217
265,MG1655,3,0.002,0.001784845,0.000537671,1,0.192767146,0.05806959
266,MG1655,3,0.002,0.001784845,0.000537671,2,0.26351438,0.079381639
267,MG1655,3,0.002,0.001784845,0.000537671,3,0.099981033,0.030118502
268,MG1655,3,0.002,0.001784845,0.000537671,4,0.368531333,0.111017172
269,MG1655,3,0.002,0.001784845,0.000537671,5,0.386758444,0.116507946
270,MG1655,3,0.002,0.001784845,0.000537671,6,0,0
271,MG1655,3,0.002,0.001784845,0.000537671,7,0.242529825,0.073060206
272,MG1655,3,0.005,0.002087683,0.001042751,0,0.612801249,0.3060806
273,MG1655,3,0.005,0.002087683,0.001042751,1,0.660387023,0.329848636
274,MG1655,3,0.005,0.002087683,0.001042751,2,0.68524058,0.342262435
275,MG1655,3,0.005,0.002087683,0.001042751,3,1.389644719,0.694096641
276,MG1655,3,0.005,0.002087683,0.001042751,4,1.144845408,0.571824828
277,MG1655,3,0.005,0.002087683,0.001042751,5,1.032231098,0.515576484
278,MG1655,3,0.005,0.002087683,0.001042751,6,0.831824456,0.415477822
279,MG1655,3,0.005,0.002087683,0.001042751,7,0.695659548,0.347466478
280,MG1655,3,0.02,0.027777778,0.027389258,0,0.079198529,0.078090803
281,MG1655,3,0.02,0.027777778,0.027389258,1,0.085458327,0.084263046
282,MG1655,3,0.02,0.027777778,0.027389258,2,0.08923694,0.087988809
283,MG1655,3,0.02,0.027777778,0.027389258,3,,
284,MG1655,3,0.02,0.027777778,0.027389258,4,0.097347786,0.095986211
285,MG1655,3,0.02,0.027777778,0.027389258,5,0.074063883,0.073027973
286,MG1655,3,0.02,0.027777778,0.027389258,6,0.074322203,0.073282681
287,MG1655,3,0.02,0.027777778,0.027389258,7,0.076927084,0.075851127
288,dsbA,0,0.002,0.001923447,0.000607662,0,0.106352283,0.033599183
289,dsbA,0,0.002,0.001923447,0.000607662,1,0,0
290,dsbA,0,0.002,0.001923447,0.000607662,2,0,0
291,dsbA,0,0.002,0.001923447,0.000607662,3,0,0
292,dsbA,0,0.002,0.001923447,0.000607662,4,,
293,dsbA,0,0.002,0.001923447,0.000607662,5,0,0
294,dsbA,0,0.002,0.001923447,0.000607662,6,0,0
295,dsbA,0,0.002,0.001923447,0.000607662,7,0,0
296,dsbA,0,0.005,0.002206964,0.000734842,0,0,0
297,dsbA,0,0.005,0.002206964,0.000734842,1,0,0
298,dsbA,0,0.005,0.002206964,0.000734842,2,0,0
299,dsbA,0,0.005,0.002206964,0.000734842,3,0,0
300,dsbA,0,0.005,0.002206964,0.000734842,4,0,0
301,dsbA,0,0.005,0.002206964,0.000734842,5,0.076185926,0.025367271
302,dsbA,0,0.005,0.002206964,0.000734842,6,0,0
303,dsbA,0,0.005,0.002206964,0.000734842,7,0,0
304,dsbA,0,0.02,0.013765678,0.002037893,0,0,0
305,dsbA,0,0.02,0.013765678,0.002037893,1,0.011548734,0.001709693
306,dsbA,0,0.02,0.013765678,0.002037893,2,0.009866979,0.001460723
307,dsbA,0,0.02,0.013765678,0.002037893,3,0,0
308,dsbA,0,0.02,0.013765678,0.002037893,4,0.018534471,0.002743873
309,dsbA,0,0.02,0.013765678,0.002037893,5,0.00953859,0.001412108
310,dsbA,0,0.02,0.013765678,0.002037893,6,0,0
311,dsbA,0,0.02,0.013765678,0.002037893,7,0.009748485,0.001443181
312,dsbA,1,0.002,0.001923447,0.000607662,0,0,0
313,dsbA,1,0.002,0.001923447,0.000607662,1,0,0
314,dsbA,1,0.002,0.001923447,0.000607662,2,0,0
315,dsbA,1,0.002,0.001923447,0.000607662,3,0,0
316,dsbA,1,0.002,0.001923447,0.000607662,4,,
317,dsbA,1,0.002,0.001923447,0.000607662,5,0,0
318,dsbA,1,0.002,0.001923447,0.000607662,6,0.092041308,0.02907801
319,dsbA,1,0.002,0.001923447,0.000607662,7,0,0
320,dsbA,1,0.005,0.002206964,0.000734842,0,0.307830573,0.102496905
321,dsbA,1,0.005,0.002206964,0.000734842,1,0.076578763,0.025498072
322,dsbA,1,0.005,0.002206964,0.000734842,2,0.144783509,0.048207887
323,dsbA,1,0.005,0.002206964,0.000734842,3,0.158754872,0.052859866
324,dsbA,1,0.005,0.002206964,0.000734842,4,0.164779786,0.054865954
325,dsbA,1,0.005,0.002206964,0.000734842,5,0.228557779,0.076101814
326,dsbA,1,0.005,0.002206964,0.000734842,6,0,0
327,dsbA,1,0.005,0.002206964,0.000734842,7,0,0
328,dsbA,1,0.02,0.013765678,0.002037893,0,0.009671659,0.001431808
329,dsbA,1,0.02,0.013765678,0.002037893,1,0.023097468,0.003419386
330,dsbA,1,0.02,0.013765678,0.002037893,2,0.049334894,0.007303617
331,dsbA,1,0.02,0.013765678,0.002037893,3,0.029600937,0.00438217
332,dsbA,1,0.02,0.013765678,0.002037893,4,0.009267235,0.001371936
333,dsbA,1,0.02,0.013765678,0.002037893,5,0.02861577,0.004236325
334,dsbA,1,0.02,0.013765678,0.002037893,6,0.018819143,0.002786016
335,dsbA,1,0.02,0.013765678,0.002037893,7,0.01949697,0.002886363
336,dsbA,2,0.002,0.001923447,0.000607662,0,0.531761415,0.167995917
337,dsbA,2,0.002,0.001923447,0.000607662,1,0.194332668,0.061394253
338,dsbA,2,0.002,0.001923447,0.000607662,2,0.192737205,0.060890209
339,dsbA,2,0.002,0.001923447,0.000607662,3,0.579731659,0.183150844
340,dsbA,2,0.002,0.001923447,0.000607662,4,,
341,dsbA,2,0.002,0.001923447,0.000607662,5,0.193813589,0.061230264
342,dsbA,2,0.002,0.001923447,0.000607662,6,0.276123923,0.087234031
343,dsbA,2,0.002,0.001923447,0.000607662,7,0.881866744,0.278602411
344,dsbA,2,0.005,0.002206964,0.000734842,0,0.538703503,0.179369583
345,dsbA,2,0.005,0.002206964,0.000734842,1,0.612630107,0.203984578
346,dsbA,2,0.005,0.002206964,0.000734842,2,0.217175264,0.072311831
347,dsbA,2,0.005,0.002206964,0.000734842,3,0.317509744,0.105719733
348,dsbA,2,0.005,0.002206964,0.000734842,4,0.082389893,0.027432977
349,dsbA,2,0.005,0.002206964,0.000734842,5,0.228557779,0.076101814
350,dsbA,2,0.005,0.002206964,0.000734842,6,0.397933249,0.132497971
351,dsbA,2,0.005,0.002206964,0.000734842,7,0.492951684,0.164135814
352,dsbA,2,0.02,0.013765678,0.002037893,0,0.096716589,0.014318079
353,dsbA,2,0.02,0.013765678,0.002037893,1,0.127036074,0.018806625
354,dsbA,2,0.02,0.013765678,0.002037893,2,0.08880281,0.013146511
355,dsbA,2,0.02,0.013765678,0.002037893,3,0.108536768,0.016067958
356,dsbA,2,0.02,0.013765678,0.002037893,4,0.083405119,0.012347428
357,dsbA,2,0.02,0.013765678,0.002037893,5,0.06677013,0.009884757
358,dsbA,2,0.02,0.013765678,0.002037893,6,0.103505288,0.015323089
359,dsbA,2,0.02,0.013765678,0.002037893,7,0.116981821,0.017318177
360,dsbA,3,0.002,0.001923447,0.000607662,0,1.914341094,0.604785302
361,dsbA,3,0.002,0.001923447,0.000607662,1,1.651827676,0.521851149
362,dsbA,3,0.002,0.001923447,0.000607662,2,1.060054629,0.334896148
363,dsbA,3,0.002,0.001923447,0.000607662,3,1.159463317,0.366301687
364,dsbA,3,0.002,0.001923447,0.000607662,4,,
365,dsbA,3,0.002,0.001923447,0.000607662,5,1.744322298,0.551072372
366,dsbA,3,0.002,0.001923447,0.000607662,6,1.288578305,0.407092144
367,dsbA,3,0.002,0.001923447,0.000607662,7,1.175822325,0.371469882
368,dsbA,3,0.005,0.002206964,0.000734842,0,,
369,dsbA,3,0.005,0.002206964,0.000734842,1,,
370,dsbA,3,0.005,0.002206964,0.000734842,2,,
371,dsbA,3,0.005,0.002206964,0.000734842,3,,
372,dsbA,3,0.005,0.002206964,0.000734842,4,,
373,dsbA,3,0.005,0.002206964,0.000734842,5,,
374,dsbA,3,0.005,0.002206964,0.000734842,6,,
375,dsbA,3,0.005,0.002206964,0.000734842,7,,
376,dsbA,3,0.02,0.013765678,0.002037893,0,,
377,dsbA,3,0.02,0.013765678,0.002037893,1,,
378,dsbA,3,0.02,0.013765678,0.002037893,2,,
379,dsbA,3,0.02,0.013765678,0.002037893,3,,
380,dsbA,3,0.02,0.013765678,0.002037893,4,,
381,dsbA,3,0.02,0.013765678,0.002037893,5,,
382,dsbA,3,0.02,0.013765678,0.002037893,6,,
383,dsbA,3,0.02,0.013765678,0.002037893,7,0.224215158,0.033193172
384,gpmI,0,0.002,0.002043597,0.000833442,0,0,0
385,gpmI,0,0.002,0.002043597,0.000833442,1,0,0
386,gpmI,0,0.002,0.002043597,0.000833442,2,0,0
387,gpmI,0,0.002,0.002043597,0.000833442,3,0,0
388,gpmI,0,0.002,0.002043597,0.000833442,4,0,0
389,gpmI,0,0.002,0.002043597,0.000833442,5,0,0
390,gpmI,0,0.002,0.002043597,0.000833442,6,0,0
391,gpmI,0,0.002,0.002043597,0.000833442,7,0,0
392,gpmI,0,0.005,0.00462963,0.001234453,0,0,0
393,gpmI,0,0.005,0.00462963,0.001234453,1,0,0
394,gpmI,0,0.005,0.00462963,0.001234453,2,0,0
395,gpmI,0,0.005,0.00462963,0.001234453,3,0,0
396,gpmI,0,0.005,0.00462963,0.001234453,4,0,0
397,gpmI,0,0.005,0.00462963,0.001234453,5,0,0
398,gpmI,0,0.005,0.00462963,0.001234453,6,0,0
399,gpmI,0,0.005,0.00462963,0.001234453,7,0,0
400,gpmI,0,0.02,0.016173752,0.002711665,0,0,0
401,gpmI,0,0.02,0.016173752,0.002711665,1,0.009345391,0.001566833
402,gpmI,0,0.02,0.016173752,0.002711665,2,0.00938562,0.001573578
403,gpmI,0,0.02,0.016173752,0.002711665,3,0,0
404,gpmI,0,0.02,0.016173752,0.002711665,4,0,0
405,gpmI,0,0.02,0.016173752,0.002711665,5,0,0
406,gpmI,0,0.02,0.016173752,0.002711665,6,0.009996975,0.001676076
407,gpmI,0,0.02,0.016173752,0.002711665,7,0,0
408,gpmI,1,0.002,0.002043597,0.000833442,0,0.086629887,0.035330345
409,gpmI,1,0.002,0.002043597,0.000833442,1,0,0
410,gpmI,1,0.002,0.002043597,0.000833442,2,0,0
411,gpmI,1,0.002,0.002043597,0.000833442,3,0,0
412,gpmI,1,0.002,0.002043597,0.000833442,4,0.073777789,0.030088862
413,gpmI,1,0.002,0.002043597,0.000833442,5,0,0
414,gpmI,1,0.002,0.002043597,0.000833442,6,0.066869049,0.027271265
415,gpmI,1,0.002,0.002043597,0.000833442,7,0,0
416,gpmI,1,0.005,0.00462963,0.001234453,0,0.06529681,0.017410862
417,gpmI,1,0.005,0.00462963,0.001234453,1,0,0
418,gpmI,1,0.005,0.00462963,0.001234453,2,0,0
419,gpmI,1,0.005,0.00462963,0.001234453,3,0,0
420,gpmI,1,0.005,0.00462963,0.001234453,4,0,0
421,gpmI,1,0.005,0.00462963,0.001234453,5,0,0
422,gpmI,1,0.005,0.00462963,0.001234453,6,0,0
423,gpmI,1,0.005,0.00462963,0.001234453,7,0,0
424,gpmI,1,0.02,0.016173752,0.002711665,0,0,0
425,gpmI,1,0.02,0.016173752,0.002711665,1,0.018690782,0.003133666
426,gpmI,1,0.02,0.016173752,0.002711665,2,0.01877124,0.003147155
427,gpmI,1,0.02,0.016173752,0.002711665,3,0,0
428,gpmI,1,0.02,0.016173752,0.002711665,4,0,0
429,gpmI,1,0.02,0.016173752,0.002711665,5,0.010268752,0.001721642
430,gpmI,1,0.02,0.016173752,0.002711665,6,0,0
431,gpmI,1,0.02,0.016173752,0.002711665,7,0.008024207,0.001345325
432,gpmI,2,0.002,0.002043597,0.000833442,0,0.086629887,0.035330345
433,gpmI,2,0.002,0.002043597,0.000833442,1,0.086400835,0.03523693
434,gpmI,2,0.002,0.002043597,0.000833442,2,0,0
435,gpmI,2,0.002,0.002043597,0.000833442,3,0,0
436,gpmI,2,0.002,0.002043597,0.000833442,4,0,0
437,gpmI,2,0.002,0.002043597,0.000833442,5,0.215073484,0.087713613
438,gpmI,2,0.002,0.002043597,0.000833442,6,0.066869049,0.027271265
439,gpmI,2,0.002,0.002043597,0.000833442,7,0.075296802,0.030708363
440,gpmI,2,0.005,0.00462963,0.001234453,0,0.097945215,0.026116294
441,gpmI,2,0.005,0.00462963,0.001234453,1,0,0
442,gpmI,2,0.005,0.00462963,0.001234453,2,0,0
443,gpmI,2,0.005,0.00462963,0.001234453,3,0.074129409,0.019766003
444,gpmI,2,0.005,0.00462963,0.001234453,4,0.06128335,0.016340706
445,gpmI,2,0.005,0.00462963,0.001234453,5,0.031991568,0.008530291
446,gpmI,2,0.005,0.00462963,0.001234453,6,0.116878697,0.031164752
447,gpmI,2,0.005,0.00462963,0.001234453,7,0.063014298,0.016802249
448,gpmI,2,0.02,0.016173752,0.002711665,0,0.056072346,0.009400997
449,gpmI,2,0.02,0.016173752,0.002711665,1,0.018690782,0.003133666
450,gpmI,2,0.02,0.016173752,0.002711665,2,0.028156859,0.004720733
451,gpmI,2,0.02,0.016173752,0.002711665,3,0.028541859,0.004785281
452,gpmI,2,0.02,0.016173752,0.002711665,4,0.063408595,0.01063098
453,gpmI,2,0.02,0.016173752,0.002711665,5,0.061612511,0.010329852
454,gpmI,2,0.02,0.016173752,0.002711665,6,0.049984874,0.008380381
455,gpmI,2,0.02,0.016173752,0.002711665,7,0.024072621,0.004035976
456,gpmI,3,0.002,0.002043597,0.000833442,0,0.693039095,0.28264276
457,gpmI,3,0.002,0.002043597,0.000833442,1,0.604805844,0.246658513
458,gpmI,3,0.002,0.002043597,0.000833442,2,0.255175726,0.104068547
459,gpmI,3,0.002,0.002043597,0.000833442,3,0.609605419,0.248615928
460,gpmI,3,0.002,0.002043597,0.000833442,4,0.442666737,0.180533175
461,gpmI,3,0.002,0.002043597,0.000833442,5,0.57352929,0.233902968
462,gpmI,3,0.002,0.002043597,0.000833442,6,0.334345247,0.136356324
463,gpmI,3,0.002,0.002043597,0.000833442,7,0.150593603,0.061416725
464,gpmI,3,0.005,0.00462963,0.001234453,0,0.32648405,0.087054312
465,gpmI,3,0.005,0.00462963,0.001234453,1,0.317383043,0.084627603
466,gpmI,3,0.005,0.00462963,0.001234453,2,0.363971164,0.097049946
467,gpmI,3,0.005,0.00462963,0.001234453,3,0.444776456,0.118596018
468,gpmI,3,0.005,0.00462963,0.001234453,4,0.306416749,0.08170353
469,gpmI,3,0.005,0.00462963,0.001234453,5,0.319915679,0.085302909
470,gpmI,3,0.005,0.00462963,0.001234453,6,0.233757395,0.062329505
471,gpmI,3,0.005,0.00462963,0.001234453,7,0.31507149,0.084011246
472,gpmI,3,0.02,0.016173752,0.002711665,0,0.177562428,0.029769823
473,gpmI,3,0.02,0.016173752,0.002711665,1,,
474,gpmI,3,0.02,0.016173752,0.002711665,2,0.131398677,0.022030085
475,gpmI,3,0.02,0.016173752,0.002711665,3,0.133195343,0.022331311
476,gpmI,3,0.02,0.016173752,0.002711665,4,,
477,gpmI,3,0.02,0.016173752,0.002711665,5,,
478,gpmI,3,0.02,0.016173752,0.002711665,6,,
479,gpmI,3,0.02,0.016173752,0.002711665,7,,
480,lpcA,0,0.002,0.047619048,0.020782656,0,,
481,lpcA,0,0.002,0.047619048,0.020782656,1,0,0
482,lpcA,0,0.002,0.047619048,0.020782656,2,0,0
483,lpcA,0,0.002,0.047619048,0.020782656,3,0,0
484,lpcA,0,0.002,0.047619048,0.020782656,4,0.003747464,0.001635527
485,lpcA,0,0.002,0.047619048,0.020782656,5,0,0
486,lpcA,0,0.002,0.047619048,0.020782656,6,0,0
487,lpcA,0,0.002,0.047619048,0.020782656,7,,
488,lpcA,0,0.005,0.032608696,0.018517139,0,,
489,lpcA,0,0.005,0.032608696,0.018517139,1,0.005401236,0.00306714
490,lpcA,0,0.005,0.032608696,0.018517139,2,0,0
491,lpcA,0,0.005,0.032608696,0.018517139,3,0,0
492,lpcA,0,0.005,0.032608696,0.018517139,4,0,0
493,lpcA,0,0.005,0.032608696,0.018517139,5,0,0
494,lpcA,0,0.005,0.032608696,0.018517139,6,0.005196338,0.002950787
495,lpcA,0,0.005,0.032608696,0.018517139,7,0,0
496,lpcA,0,0.02,0.112884835,0.010685824,0,0.001217952,0.000115293
497,lpcA,0,0.02,0.112884835,0.010685824,1,0.001329759,0.000125877
498,lpcA,0,0.02,0.112884835,0.010685824,2,0.001300614,0.000123118
499,lpcA,0,0.02,0.112884835,0.010685824,3,0.001160941,0.000109896
500,lpcA,0,0.02,0.112884835,0.010685824,4,0,0
501,lpcA,0,0.02,0.112884835,0.010685824,5,0.001174692,0.000111198
502,lpcA,0,0.02,0.112884835,0.010685824,6,0.001225626,0.000116019
503,lpcA,0,0.02,0.112884835,0.010685824,7,0.001117266,0.000105762
504,lpcA,1,0.002,0.047619048,0.020782656,0,,
505,lpcA,1,0.002,0.047619048,0.020782656,1,,
506,lpcA,1,0.002,0.047619048,0.020782656,2,,
507,lpcA,1,0.002,0.047619048,0.020782656,3,,
508,lpcA,1,0.002,0.047619048,0.020782656,4,,
509,lpcA,1,0.002,0.047619048,0.020782656,5,,
510,lpcA,1,0.002,0.047619048,0.020782656,6,,
511,lpcA,1,0.002,0.047619048,0.020782656,7,,
512,lpcA,1,0.005,0.032608696,0.018517139,0,,
513,lpcA,1,0.005,0.032608696,0.018517139,1,,
514,lpcA,1,0.005,0.032608696,0.018517139,2,,
515,lpcA,1,0.005,0.032608696,0.018517139,3,,
516,lpcA,1,0.005,0.032608696,0.018517139,4,,
517,lpcA,1,0.005,0.032608696,0.018517139,5,,
518,lpcA,1,0.005,0.032608696,0.018517139,6,,
519,lpcA,1,0.005,0.032608696,0.018517139,7,,
520,lpcA,1,0.02,0.112884835,0.010685824,0,,
521,lpcA,1,0.02,0.112884835,0.010685824,1,,
522,lpcA,1,0.02,0.112884835,0.010685824,2,,
523,lpcA,1,0.02,0.112884835,0.010685824,3,,
524,lpcA,1,0.02,0.112884835,0.010685824,4,,
525,lpcA,1,0.02,0.112884835,0.010685824,5,,
526,lpcA,1,0.02,0.112884835,0.010685824,6,,
527,lpcA,1,0.02,0.112884835,0.010685824,7,,
528,lpcA,2,0.002,0.047619048,0.020782656,0,,
529,lpcA,2,0.002,0.047619048,0.020782656,1,,
530,lpcA,2,0.002,0.047619048,0.020782656,2,,
531,lpcA,2,0.002,0.047619048,0.020782656,3,,
532,lpcA,2,0.002,0.047619048,0.020782656,4,,
533,lpcA,2,0.002,0.047619048,0.020782656,5,,
534,lpcA,2,0.002,0.047619048,0.020782656,6,,
535,lpcA,2,0.002,0.047619048,0.020782656,7,,
536,lpcA,2,0.005,0.032608696,0.018517139,0,,
537,lpcA,2,0.005,0.032608696,0.018517139,1,,
538,lpcA,2,0.005,0.032608696,0.018517139,2,,
539,lpcA,2,0.005,0.032608696,0.018517139,3,,
540,lpcA,2,0.005,0.032608696,0.018517139,4,,
541,lpcA,2,0.005,0.032608696,0.018517139,5,,
542,lpcA,2,0.005,0.032608696,0.018517139,6,,
543,lpcA,2,0.005,0.032608696,0.018517139,7,,
544,lpcA,2,0.02,0.112884835,0.010685824,0,,
545,lpcA,2,0.02,0.112884835,0.010685824,1,,
546,lpcA,2,0.02,0.112884835,0.010685824,2,,
547,lpcA,2,0.02,0.112884835,0.010685824,3,,
548,lpcA,2,0.02,0.112884835,0.010685824,4,,
549,lpcA,2,0.02,0.112884835,0.010685824,5,,
550,lpcA,2,0.02,0.112884835,0.010685824,6,,
551,lpcA,2,0.02,0.112884835,0.010685824,7,,
552,lpcA,3,0.002,0.047619048,0.020782656,0,,
553,lpcA,3,0.002,0.047619048,0.020782656,1,,
554,lpcA,3,0.002,0.047619048,0.020782656,2,,
555,lpcA,3,0.002,0.047619048,0.020782656,3,,
556,lpcA,3,0.002,0.047619048,0.020782656,4,,
557,lpcA,3,0.002,0.047619048,0.020782656,5,,
558,lpcA,3,0.002,0.047619048,0.020782656,6,,
559,lpcA,3,0.002,0.047619048,0.020782656,7,,
560,lpcA,3,0.005,0.032608696,0.018517139,0,,
561,lpcA,3,0.005,0.032608696,0.018517139,1,,
562,lpcA,3,0.005,0.032608696,0.018517139,2,,
563,lpcA,3,0.005,0.032608696,0.018517139,3,,
564,lpcA,3,0.005,0.032608696,0.018517139,4,,
565,lpcA,3,0.005,0.032608696,0.018517139,5,,
566,lpcA,3,0.005,0.032608696,0.018517139,6,,
567,lpcA,3,0.005,0.032608696,0.018517139,7,,
568,lpcA,3,0.02,0.112884835,0.010685824,0,,
569,lpcA,3,0.02,0.112884835,0.010685824,1,,
570,lpcA,3,0.02,0.112884835,0.010685824,2,,
571,lpcA,3,0.02,0.112884835,0.010685824,3,,
572,lpcA,3,0.02,0.112884835,0.010685824,4,,
573,lpcA,3,0.02,0.112884835,0.010685824,5,,
574,lpcA,3,0.02,0.112884835,0.010685824,6,,
575,lpcA,3,0.02,0.112884835,0.010685824,7,,
576,pgm,0,0.002,0.002765487,0.001235052,0,0,0
577,pgm,0,0.002,0.002765487,0.001235052,1,0,0
578,pgm,0,0.002,0.002765487,0.001235052,2,0,0
579,pgm,0,0.002,0.002765487,0.001235052,3,0,0
580,pgm,0,0.002,0.002765487,0.001235052,4,0,0
581,pgm,0,0.002,0.002765487,0.001235052,5,0,0
582,pgm,0,0.002,0.002765487,0.001235052,6,0,0
583,pgm,0,0.002,0.002765487,0.001235052,7,0,0
584,pgm,0,0.005,0.002478754,0.000935719,0,0,0
585,pgm,0,0.005,0.002478754,0.000935719,1,0.06339473,0.023931238
586,pgm,0,0.005,0.002478754,0.000935719,2,0,0
587,pgm,0,0.005,0.002478754,0.000935719,3,0,0
588,pgm,0,0.005,0.002478754,0.000935719,4,0,0
589,pgm,0,0.005,0.002478754,0.000935719,5,0,0
590,pgm,0,0.005,0.002478754,0.000935719,6,0,0
591,pgm,0,0.005,0.002478754,0.000935719,7,0,0
592,pgm,0,0.02,0.017409471,0.003451452,0,0.00767785,0.001522145
593,pgm,0,0.02,0.017409471,0.003451452,1,0,0
594,pgm,0,0.02,0.017409471,0.003451452,2,0,0
595,pgm,0,0.02,0.017409471,0.003451452,3,0,0
596,pgm,0,0.02,0.017409471,0.003451452,4,0,0
597,pgm,0,0.02,0.017409471,0.003451452,5,0.008252103,0.001635991
598,pgm,0,0.02,0.017409471,0.003451452,6,0,0
599,pgm,0,0.02,0.017409471,0.003451452,7,0,0
600,pgm,1,0.002,0.002765487,0.001235052,0,0,0
601,pgm,1,0.002,0.002765487,0.001235052,1,0,0
602,pgm,1,0.002,0.002765487,0.001235052,2,0,0
603,pgm,1,0.002,0.002765487,0.001235052,3,0,0
604,pgm,1,0.002,0.002765487,0.001235052,4,0,0
605,pgm,1,0.002,0.002765487,0.001235052,5,0,0
606,pgm,1,0.002,0.002765487,0.001235052,6,0,0
607,pgm,1,0.002,0.002765487,0.001235052,7,0,0
608,pgm,1,0.005,0.002478754,0.000935719,0,0,0
609,pgm,1,0.005,0.002478754,0.000935719,1,0,0
610,pgm,1,0.005,0.002478754,0.000935719,2,0,0
611,pgm,1,0.005,0.002478754,0.000935719,3,0,0
612,pgm,1,0.005,0.002478754,0.000935719,4,0,0
613,pgm,1,0.005,0.002478754,0.000935719,5,0,0
614,pgm,1,0.005,0.002478754,0.000935719,6,0,0
615,pgm,1,0.005,0.002478754,0.000935719,7,0,0
616,pgm,1,0.02,0.017409471,0.003451452,0,0,0
617,pgm,1,0.02,0.017409471,0.003451452,1,0,0
618,pgm,1,0.02,0.017409471,0.003451452,2,0,0
619,pgm,1,0.02,0.017409471,0.003451452,3,0,0
620,pgm,1,0.02,0.017409471,0.003451452,4,0,0
621,pgm,1,0.02,0.017409471,0.003451452,5,0,0
622,pgm,1,0.02,0.017409471,0.003451452,6,0,0
623,pgm,1,0.02,0.017409471,0.003451452,7,0,0
624,pgm,2,0.002,0.002765487,0.001235052,0,0,0
625,pgm,2,0.002,0.002765487,0.001235052,1,0.065938271,0.029447687
626,pgm,2,0.002,0.002765487,0.001235052,2,0,0
627,pgm,2,0.002,0.002765487,0.001235052,3,0.063847158,0.028513807
628,pgm,2,0.002,0.002765487,0.001235052,4,0,0
629,pgm,2,0.002,0.002765487,0.001235052,5,0,0
630,pgm,2,0.002,0.002765487,0.001235052,6,0.063346219,0.028290089
631,pgm,2,0.002,0.002765487,0.001235052,7,0,0
632,pgm,2,0.005,0.002478754,0.000935719,0,0,0
633,pgm,2,0.005,0.002478754,0.000935719,1,0,0
634,pgm,2,0.005,0.002478754,0.000935719,2,0,0
635,pgm,2,0.005,0.002478754,0.000935719,3,0,0
636,pgm,2,0.005,0.002478754,0.000935719,4,0,0
637,pgm,2,0.005,0.002478754,0.000935719,5,0.058085561,0.02192705
638,pgm,2,0.005,0.002478754,0.000935719,6,0,0
639,pgm,2,0.005,0.002478754,0.000935719,7,0,0
640,pgm,2,0.02,0.017409471,0.003451452,0,0.00767785,0.001522145
641,pgm,2,0.02,0.017409471,0.003451452,1,0.017244593,0.003418765
642,pgm,2,0.02,0.017409471,0.003451452,2,0,0
643,pgm,2,0.02,0.017409471,0.003451452,3,0,0
644,pgm,2,0.02,0.017409471,0.003451452,4,0.016684213,0.003307669
645,pgm,2,0.02,0.017409471,0.003451452,5,0.008252103,0.001635991
646,pgm,2,0.02,0.017409471,0.003451452,6,0.015233653,0.003020093
647,pgm,2,0.02,0.017409471,0.003451452,7,0,0
648,pgm,3,0.002,0.002765487,0.001235052,0,0.06401642,0.028589398
649,pgm,3,0.002,0.002765487,0.001235052,1,,
650,pgm,3,0.002,0.002765487,0.001235052,2,0.063847158,0.028513807
651,pgm,3,0.002,0.002765487,0.001235052,3,0.191541475,0.08554142
652,pgm,3,0.002,0.002765487,0.001235052,4,0.065049741,0.029050874
653,pgm,3,0.002,0.002765487,0.001235052,5,0.062523854,0.027922826
654,pgm,3,0.002,0.002765487,0.001235052,6,0.126692437,0.056580179
655,pgm,3,0.002,0.002765487,0.001235052,7,0.059315511,0.026489997
656,pgm,3,0.005,0.002478754,0.000935719,0,0.246062121,0.092887394
657,pgm,3,0.005,0.002478754,0.000935719,1,0.19018419,0.071793715
658,pgm,3,0.005,0.002478754,0.000935719,2,0.538695708,0.203355317
659,pgm,3,0.005,0.002478754,0.000935719,3,0.192406532,0.07263264
660,pgm,3,0.005,0.002478754,0.000935719,4,0.118982917,0.04491554
661,pgm,3,0.005,0.002478754,0.000935719,5,0.174256684,0.06578115
662,pgm,3,0.005,0.002478754,0.000935719,6,0.283189083,0.106902663
663,pgm,3,0.005,0.002478754,0.000935719,7,0.248312366,0.093736852
664,pgm,3,0.02,0.017409471,0.003451452,0,0.069100654,0.013699302
665,pgm,3,0.02,0.017409471,0.003451452,1,0.05173378,0.010256295
666,pgm,3,0.02,0.017409471,0.003451452,2,0.051962085,0.010301557
667,pgm,3,0.02,0.017409471,0.003451452,3,0.039023069,0.007736378
668,pgm,3,0.02,0.017409471,0.003451452,4,0.016684213,0.003307669
669,pgm,3,0.02,0.017409471,0.003451452,5,0.07426893,0.01472392
670,pgm,3,0.02,0.017409471,0.003451452,6,0.045700959,0.009060279
671,pgm,3,0.02,0.017409471,0.003451452,7,0.036290885,0.007194719
672,recB,0,0.002,0.005964215,0.003433157,0,0,0
673,recB,0,0.002,0.005964215,0.003433157,1,0,0
674,recB,0,0.002,0.005964215,0.003433157,2,0,0
675,recB,0,0.002,0.005964215,0.003433157,3,0,0
676,recB,0,0.002,0.005964215,0.003433157,4,0,0
677,recB,0,0.002,0.005964215,0.003433157,5,0,0
678,recB,0,0.002,0.005964215,0.003433157,6,0,0
679,recB,0,0.002,0.005964215,0.003433157,7,0,0
680,recB,0,0.005,0.005319149,0.002652492,0,0,0
681,recB,0,0.005,0.005319149,0.002652492,1,0,0
682,recB,0,0.005,0.005319149,0.002652492,2,0.032679184,0.016296078
683,recB,0,0.005,0.005319149,0.002652492,3,0,0
684,recB,0,0.005,0.005319149,0.002652492,4,0,0
685,recB,0,0.005,0.005319149,0.002652492,5,0,0
686,recB,0,0.005,0.005319149,0.002652492,6,0,0
687,recB,0,0.005,0.005319149,0.002652492,7,0,0
688,recB,0,0.02,0.01059322,0.004712273,0,0,0
689,recB,0,0.02,0.01059322,0.004712273,1,0,0
690,recB,0,0.02,0.01059322,0.004712273,2,0,0
691,recB,0,0.02,0.01059322,0.004712273,3,0,0
692,recB,0,0.02,0.01059322,0.004712273,4,0.027359343,0.012170491
693,recB,0,0.02,0.01059322,0.004712273,5,0,0
694,recB,0,0.02,0.01059322,0.004712273,6,0,0
695,recB,0,0.02,0.01059322,0.004712273,7,0.028216906,0.012551968
696,recB,1,0.002,0.005964215,0.003433157,0,0,0
697,recB,1,0.002,0.005964215,0.003433157,1,0,0
698,recB,1,0.002,0.005964215,0.003433157,2,0.029839583,0.017176438
699,recB,1,0.002,0.005964215,0.003433157,3,0,0
700,recB,1,0.002,0.005964215,0.003433157,4,0,0
701,recB,1,0.002,0.005964215,0.003433157,5,0,0
702,recB,1,0.002,0.005964215,0.003433157,6,0.030162261,0.017362181
703,recB,1,0.002,0.005964215,0.003433157,7,0,0
704,recB,1,0.005,0.005319149,0.002652492,0,0,0
705,recB,1,0.005,0.005319149,0.002652492,1,0,0
706,recB,1,0.005,0.005319149,0.002652492,2,0,0
707,recB,1,0.005,0.005319149,0.002652492,3,0,0
708,recB,1,0.005,0.005319149,0.002652492,4,0,0
709,recB,1,0.005,0.005319149,0.002652492,5,0,0
710,recB,1,0.005,0.005319149,0.002652492,6,0.027186079,0.01355684
711,recB,1,0.005,0.005319149,0.002652492,7,0.026782022,0.013355349
712,recB,1,0.02,0.01059322,0.004712273,0,0.076466906,0.03401543
713,recB,1,0.02,0.01059322,0.004712273,1,0.014939382,0.006645614
714,recB,1,0.02,0.01059322,0.004712273,2,0.015914485,0.007079377
715,recB,1,0.02,0.01059322,0.004712273,3,0.064794602,0.028823139
716,recB,1,0.02,0.01059322,0.004712273,4,0,0
717,recB,1,0.02,0.01059322,0.004712273,5,0.040256401,0.0179076
718,recB,1,0.02,0.01059322,0.004712273,6,0.053340218,0.023727787
719,recB,1,0.02,0.01059322,0.004712273,7,0,0
720,recB,2,0.002,0.005964215,0.003433157,0,0.058744745,0.033815
721,recB,2,0.002,0.005964215,0.003433157,1,0,0
722,recB,2,0.002,0.005964215,0.003433157,2,0,0
723,recB,2,0.002,0.005964215,0.003433157,3,0.06097417,0.035098315
724,recB,2,0.002,0.005964215,0.003433157,4,0.1190373,0.06852096
725,recB,2,0.002,0.005964215,0.003433157,5,0.056108057,0.032297254
726,recB,2,0.002,0.005964215,0.003433157,6,0.090486784,0.052086542
727,recB,2,0.002,0.005964215,0.003433157,7,0.022866436,0.013162514
728,recB,2,0.005,0.005319149,0.002652492,0,0.184337648,0.091923367
729,recB,2,0.005,0.005319149,0.002652492,1,0.125207793,0.062437175
730,recB,2,0.005,0.005319149,0.002652492,2,0.163395921,0.081480388
731,recB,2,0.005,0.005319149,0.002652492,3,0.034556606,0.017232289
732,recB,2,0.005,0.005319149,0.002652492,4,0.096060075,0.047902127
733,recB,2,0.005,0.005319149,0.002652492,5,0.087194727,0.043481258
734,recB,2,0.005,0.005319149,0.002652492,6,0.135930396,0.067784198
735,recB,2,0.005,0.005319149,0.002652492,7,0.133910108,0.066776744
736,recB,2,0.02,0.01059322,0.004712273,0,0.050977937,0.022676953
737,recB,2,0.02,0.01059322,0.004712273,1,0.149393822,0.066456136
738,recB,2,0.02,0.01059322,0.004712273,2,0.079572424,0.035396884
739,recB,2,0.02,0.01059322,0.004712273,3,0.161986505,0.072057847
740,recB,2,0.02,0.01059322,0.004712273,4,0.1915154,0.085193438
741,recB,2,0.02,0.01059322,0.004712273,5,0.120769204,0.053722801
742,recB,2,0.02,0.01059322,0.004712273,6,0.133350545,0.059319467
743,recB,2,0.02,0.01059322,0.004712273,7,0.112867623,0.050207873
744,recB,3,0.002,0.005964215,0.003433157,0,0.146861862,0.0845375
745,recB,3,0.002,0.005964215,0.003433157,1,0.176234234,0.101445
746,recB,3,0.002,0.005964215,0.003433157,2,0.059679165,0.034352877
747,recB,3,0.002,0.005964215,0.003433157,3,0.091461254,0.052647472
748,recB,3,0.002,0.005964215,0.003433157,4,0.178555951,0.102781441
749,recB,3,0.002,0.005964215,0.003433157,5,0.224432229,0.129189017
750,recB,3,0.002,0.005964215,0.003433157,6,0.120649046,0.069448723
751,recB,3,0.002,0.005964215,0.003433157,7,0.091465744,0.052650057
752,recB,3,0.005,0.005319149,0.002652492,0,0.395009245,0.196978643
753,recB,3,0.005,0.005319149,0.002652492,1,0.406925328,0.202920817
754,recB,3,0.005,0.005319149,0.002652492,2,0.359471025,0.179256854
755,recB,3,0.005,0.005319149,0.002652492,3,0.311009452,0.155090597
756,recB,3,0.005,0.005319149,0.002652492,4,0.352220274,0.175641134
757,recB,3,0.005,0.005319149,0.002652492,5,0.406908728,0.202912539
758,recB,3,0.005,0.005319149,0.002652492,6,0.434977268,0.216909434
759,recB,3,0.005,0.005319149,0.002652492,7,0.294602238,0.146908837
760,recB,3,0.02,0.01059322,0.004712273,0,,
761,recB,3,0.02,0.01059322,0.004712273,1,,
762,recB,3,0.02,0.01059322,0.004712273,2,,
763,recB,3,0.02,0.01059322,0.004712273,3,,
764,recB,3,0.02,0.01059322,0.004712273,4,,
765,recB,3,0.02,0.01059322,0.004712273,5,,
766,recB,3,0.02,0.01059322,0.004712273,6,,
767,recB,3,0.02,0.01059322,0.004712273,7,,
768,rfaF,0,0.002,0.001081081,0.000540248,0,0,0
769,rfaF,0,0.002,0.001081081,0.000540248,1,0,0
770,rfaF,0,0.002,0.001081081,0.000540248,2,,
771,rfaF,0,0.002,0.001081081,0.000540248,3,0,0
772,rfaF,0,0.002,0.001081081,0.000540248,4,0,0
773,rfaF,0,0.002,0.001081081,0.000540248,5,0,0
774,rfaF,0,0.002,0.001081081,0.000540248,6,0,0
775,rfaF,0,0.002,0.001081081,0.000540248,7,0,0
776,rfaF,0,0.005,0.005429864,0.001563205,0,0,0
777,rfaF,0,0.005,0.005429864,0.001563205,1,0,0
778,rfaF,0,0.005,0.005429864,0.001563205,2,0,0
779,rfaF,0,0.005,0.005429864,0.001563205,3,0,0
780,rfaF,0,0.005,0.005429864,0.001563205,4,0,0
781,rfaF,0,0.005,0.005429864,0.001563205,5,0,0
782,rfaF,0,0.005,0.005429864,0.001563205,6,0,0
783,rfaF,0,0.005,0.005429864,0.001563205,7,0,0
784,rfaF,0,0.02,0.012834821,0.002659015,0,0.043753229,0.009064443
785,rfaF,0,0.02,0.012834821,0.002659015,1,0.00997624,0.002066797
786,rfaF,0,0.02,0.012834821,0.002659015,2,0.010712137,0.002219255
787,rfaF,0,0.02,0.012834821,0.002659015,3,0.010455503,0.002166087
788,rfaF,0,0.02,0.012834821,0.002659015,4,0,0
789,rfaF,0,0.02,0.012834821,0.002659015,5,0,0
790,rfaF,0,0.02,0.012834821,0.002659015,6,0,0
791,rfaF,0,0.02,0.012834821,0.002659015,7,0.009957215,0.002062856
792,rfaF,1,0.002,0.001081081,0.000540248,0,0.374993853,0.187395557
793,rfaF,1,0.002,0.001081081,0.000540248,1,0.178856813,0.089380057
794,rfaF,1,0.002,0.001081081,0.000540248,2,,
795,rfaF,1,0.002,0.001081081,0.000540248,3,0.525916048,0.262815856
796,rfaF,1,0.002,0.001081081,0.000540248,4,0.174082516,0.086994199
797,rfaF,1,0.002,0.001081081,0.000540248,5,0.356676192,0.178241678
798,rfaF,1,0.002,0.001081081,0.000540248,6,0.213986102,0.106935205
799,rfaF,1,0.002,0.001081081,0.000540248,7,0.16204442,0.080978406
800,rfaF,1,0.005,0.005429864,0.001563205,0,0.139183997,0.040069729
801,rfaF,1,0.005,0.005429864,0.001563205,1,0.107927449,0.03107127
802,rfaF,1,0.005,0.005429864,0.001563205,2,0.203682012,0.058638084
803,rfaF,1,0.005,0.005429864,0.001563205,3,0.11769429,0.033883049
804,rfaF,1,0.005,0.005429864,0.001563205,4,0.12672858,0.036483934
805,rfaF,1,0.005,0.005429864,0.001563205,5,0.217877652,0.062724872
806,rfaF,1,0.005,0.005429864,0.001563205,6,0.094806722,0.02729394
807,rfaF,1,0.005,0.005429864,0.001563205,7,0.090202754,0.025968502
808,rfaF,1,0.02,0.012834821,0.002659015,0,0.142197993,0.029459439
809,rfaF,1,0.02,0.012834821,0.002659015,1,0.129691122,0.026868366
810,rfaF,1,0.02,0.012834821,0.002659015,2,0.182106324,0.037727327
811,rfaF,1,0.02,0.012834821,0.002659015,3,0.115010531,0.023826959
812,rfaF,1,0.02,0.012834821,0.002659015,4,0.143079141,0.029641988
813,rfaF,1,0.02,0.012834821,0.002659015,5,0.150291217,0.031136128
814,rfaF,1,0.02,0.012834821,0.002659015,6,0.165192632,0.034223284
815,rfaF,1,0.02,0.012834821,0.002659015,7,0.089614934,0.018565703
816,rfaF,2,0.002,0.001081081,0.000540248,0,1.12498156,0.56218667
817,rfaF,2,0.002,0.001081081,0.000540248,1,1.788568135,0.893800573
818,rfaF,2,0.002,0.001081081,0.000540248,2,,
819,rfaF,2,0.002,0.001081081,0.000540248,3,1.402442794,0.700842282
820,rfaF,2,0.002,0.001081081,0.000540248,4,1.218577609,0.608959393
821,rfaF,2,0.002,0.001081081,0.000540248,5,1.42670477,0.712966712
822,rfaF,2,0.002,0.001081081,0.000540248,6,1.283916612,0.641611232
823,rfaF,2,0.002,0.001081081,0.000540248,7,1.296355362,0.647827244
824,rfaF,2,0.005,0.005429864,0.001563205,0,,
825,rfaF,2,0.005,0.005429864,0.001563205,1,,
826,rfaF,2,0.005,0.005429864,0.001563205,2,,
827,rfaF,2,0.005,0.005429864,0.001563205,3,,
828,rfaF,2,0.005,0.005429864,0.001563205,4,,
829,rfaF,2,0.005,0.005429864,0.001563205,5,,
830,rfaF,2,0.005,0.005429864,0.001563205,6,,
831,rfaF,2,0.005,0.005429864,0.001563205,7,,
832,rfaF,2,0.02,0.012834821,0.002659015,0,,
833,rfaF,2,0.02,0.012834821,0.002659015,1,,
834,rfaF,2,0.02,0.012834821,0.002659015,2,,
835,rfaF,2,0.02,0.012834821,0.002659015,3,,
836,rfaF,2,0.02,0.012834821,0.002659015,4,,
837,rfaF,2,0.02,0.012834821,0.002659015,5,,
838,rfaF,2,0.02,0.012834821,0.002659015,6,,
839,rfaF,2,0.02,0.012834821,0.002659015,7,,
840,rfaF,3,0.002,0.001081081,0.000540248,0,,
841,rfaF,3,0.002,0.001081081,0.000540248,1,,
842,rfaF,3,0.002,0.001081081,0.000540248,2,,
843,rfaF,3,0.002,0.001081081,0.000540248,3,,
844,rfaF,3,0.002,0.001081081,0.000540248,4,,
845,rfaF,3,0.002,0.001081081,0.000540248,5,,
846,rfaF,3,0.002,0.001081081,0.000540248,6,,
847,rfaF,3,0.002,0.001081081,0.000540248,7,,
848,rfaF,3,0.005,0.005429864,0.001563205,0,,
849,rfaF,3,0.005,0.005429864,0.001563205,1,,
850,rfaF,3,0.005,0.005429864,0.001563205,2,,
851,rfaF,3,0.005,0.005429864,0.001563205,3,,
852,rfaF,3,0.005,0.005429864,0.001563205,4,,
853,rfaF,3,0.005,0.005429864,0.001563205,5,,
854,rfaF,3,0.005,0.005429864,0.001563205,6,,
855,rfaF,3,0.005,0.005429864,0.001563205,7,,
856,rfaF,3,0.02,0.012834821,0.002659015,0,,
857,rfaF,3,0.02,0.012834821,0.002659015,1,,
858,rfaF,3,0.02,0.012834821,0.002659015,2,,
859,rfaF,3,0.02,0.012834821,0.002659015,3,,
860,rfaF,3,0.02,0.012834821,0.002659015,4,,
861,rfaF,3,0.02,0.012834821,0.002659015,5,,
862,rfaF,3,0.02,0.012834821,0.002659015,6,,
863,rfaF,3,0.02,0.012834821,0.002659015,7,,
864,tatB,0,0.002,0,0,0,,
865,tatB,0,0.002,0,0,1,,
866,tatB,0,0.002,0,0,2,,
867,tatB,0,0.002,0,0,3,,
868,tatB,0,0.002,0,0,4,,
869,tatB,0,0.002,0,0,5,,
870,tatB,0,0.002,0,0,6,,
871,tatB,0,0.002,0,0,7,,
872,tatB,0,0.005,0,0,0,,
873,tatB,0,0.005,0,0,1,,
874,tatB,0,0.005,0,0,2,,
875,tatB,0,0.005,0,0,3,,
876,tatB,0,0.005,0,0,4,,
877,tatB,0,0.005,0,0,5,,
878,tatB,0,0.005,0,0,6,,
879,tatB,0,0.005,0,0,7,,
880,tatB,0,0.02,0.003597122,0.003590647,0,0,0
881,tatB,0,0.02,0.003597122,0.003590647,1,0.03607927,0.036014322
882,tatB,0,0.02,0.003597122,0.003590647,2,0,0
883,tatB,0,0.02,0.003597122,0.003590647,3,0,0
884,tatB,0,0.02,0.003597122,0.003590647,4,0,0
885,tatB,0,0.02,0.003597122,0.003590647,5,0,0
886,tatB,0,0.02,0.003597122,0.003590647,6,0,0
887,tatB,0,0.02,0.003597122,0.003590647,7,0,0
888,tatB,1,0.002,0,0,0,,
889,tatB,1,0.002,0,0,1,,
890,tatB,1,0.002,0,0,2,,
891,tatB,1,0.002,0,0,3,,
892,tatB,1,0.002,0,0,4,,
893,tatB,1,0.002,0,0,5,,
894,tatB,1,0.002,0,0,6,,
895,tatB,1,0.002,0,0,7,,
896,tatB,1,0.005,0,0,0,,
897,tatB,1,0.005,0,0,1,,
898,tatB,1,0.005,0,0,2,,
899,tatB,1,0.005,0,0,3,,
900,tatB,1,0.005,0,0,4,,
901,tatB,1,0.005,0,0,5,,
902,tatB,1,0.005,0,0,6,,
903,tatB,1,0.005,0,0,7,,
904,tatB,1,0.02,0.003597122,0.003590647,0,0.037913738,0.037845488
905,tatB,1,0.02,0.003597122,0.003590647,1,0,0
906,tatB,1,0.02,0.003597122,0.003590647,2,0,0
907,tatB,1,0.02,0.003597122,0.003590647,3,0,0
908,tatB,1,0.02,0.003597122,0.003590647,4,0.035393697,0.035329984
909,tatB,1,0.02,0.003597122,0.003590647,5,0,0
910,tatB,1,0.02,0.003597122,0.003590647,6,0,0
911,tatB,1,0.02,0.003597122,0.003590647,7,0,0
912,tatB,2,0.002,0,0,0,,
913,tatB,2,0.002,0,0,1,,
914,tatB,2,0.002,0,0,2,,
915,tatB,2,0.002,0,0,3,,
916,tatB,2,0.002,0,0,4,inf,
917,tatB,2,0.002,0,0,5,,
918,tatB,2,0.002,0,0,6,,
919,tatB,2,0.002,0,0,7,,
920,tatB,2,0.005,0,0,0,,
921,tatB,2,0.005,0,0,1,inf,
922,tatB,2,0.005,0,0,2,inf,
923,tatB,2,0.005,0,0,3,inf,
924,tatB,2,0.005,0,0,4,,
925,tatB,2,0.005,0,0,5,inf,
926,tatB,2,0.005,0,0,6,inf,
927,tatB,2,0.005,0,0,7,,
928,tatB,2,0.02,0.003597122,0.003590647,0,0.18956869,0.18922744
929,tatB,2,0.02,0.003597122,0.003590647,1,,
930,tatB,2,0.02,0.003597122,0.003590647,2,0.039270607,0.039199915
931,tatB,2,0.02,0.003597122,0.003590647,3,0.141857606,0.141602243
932,tatB,2,0.02,0.003597122,0.003590647,4,0.106181091,0.105989951
933,tatB,2,0.02,0.003597122,0.003590647,5,0.148333715,0.148066694
934,tatB,2,0.02,0.003597122,0.003590647,6,0.15447703,0.15419895
935,tatB,2,0.02,0.003597122,0.003590647,7,0.037012073,0.036945446
936,tatB,3,0.002,0,0,0,inf,
937,tatB,3,0.002,0,0,1,inf,
938,tatB,3,0.002,0,0,2,,
939,tatB,3,0.002,0,0,3,inf,
940,tatB,3,0.002,0,0,4,inf,
941,tatB,3,0.002,0,0,5,inf,
942,tatB,3,0.002,0,0,6,inf,
943,tatB,3,0.002,0,0,7,,
944,tatB,3,0.005,0,0,0,inf,
945,tatB,3,0.005,0,0,1,inf,
946,tatB,3,0.005,0,0,2,inf,
947,tatB,3,0.005,0,0,3,inf,
948,tatB,3,0.005,0,0,4,inf,
949,tatB,3,0.005,0,0,5,inf,
950,tatB,3,0.005,0,0,6,inf,
951,tatB,3,0.005,0,0,7,,
952,tatB,3,0.02,0.003597122,0.003590647,0,0.606619807,0.605527807
953,tatB,3,0.02,0.003597122,0.003590647,1,0.541189046,0.540214831
954,tatB,3,0.02,0.003597122,0.003590647,2,0.589059112,0.587998724
955,tatB,3,0.02,0.003597122,0.003590647,3,0.567430425,0.566408971
956,tatB,3,0.02,0.003597122,0.003590647,4,0.389330669,0.388629819
957,tatB,3,0.02,0.003597122,0.003590647,5,0.445001146,0.444200082
958,tatB,3,0.02,0.003597122,0.003590647,6,0.463431091,0.46259685
959,tatB,3,0.02,0.003597122,0.003590647,7,0.518169023,0.517236246
960,tolQ,0,0.002,0.001972387,0.00098522,0,0,0
961,tolQ,0,0.002,0.001972387,0.00098522,1,0,0
962,tolQ,0,0.002,0.001972387,0.00098522,2,0,0
963,tolQ,0,0.002,0.001972387,0.00098522,3,0,0
964,tolQ,0,0.002,0.001972387,0.00098522,4,0,0
965,tolQ,0,0.002,0.001972387,0.00098522,5,0,0
966,tolQ,0,0.002,0.001972387,0.00098522,6,0,0
967,tolQ,0,0.002,0.001972387,0.00098522,7,,
968,tolQ,0,0.005,0.00472255,0.001665726,0,0,0
969,tolQ,0,0.005,0.00472255,0.001665726,1,0,0
970,tolQ,0,0.005,0.00472255,0.001665726,2,0,0
971,tolQ,0,0.005,0.00472255,0.001665726,3,0,0
972,tolQ,0,0.005,0.00472255,0.001665726,4,0,0
973,tolQ,0,0.005,0.00472255,0.001665726,5,0,0
974,tolQ,0,0.005,0.00472255,0.001665726,6,0,0
975,tolQ,0,0.005,0.00472255,0.001665726,7,0,0
976,tolQ,0,0.02,0.01459854,0.003240418,0,0,0
977,tolQ,0,0.02,0.01459854,0.003240418,1,0,0
978,tolQ,0,0.02,0.01459854,0.003240418,2,0,0
979,tolQ,0,0.02,0.01459854,0.003240418,3,0,0
980,tolQ,0,0.02,0.01459854,0.003240418,4,0,0
981,tolQ,0,0.02,0.01459854,0.003240418,5,0,0
982,tolQ,0,0.02,0.01459854,0.003240418,6,0,0
983,tolQ,0,0.02,0.01459854,0.003240418,7,0,0
984,tolQ,1,0.002,0.001972387,0.00098522,0,0,0
985,tolQ,1,0.002,0.001972387,0.00098522,1,0,0
986,tolQ,1,0.002,0.001972387,0.00098522,2,0,0
987,tolQ,1,0.002,0.001972387,0.00098522,3,0,0
988,tolQ,1,0.002,0.001972387,0.00098522,4,0.090712901,0.045311694
989,tolQ,1,0.002,0.001972387,0.00098522,5,0.178593006,0.089208387
990,tolQ,1,0.002,0.001972387,0.00098522,6,0,0
991,tolQ,1,0.002,0.001972387,0.00098522,7,,
992,tolQ,1,0.005,0.00472255,0.001665726,0,0,0
993,tolQ,1,0.005,0.00472255,0.001665726,1,0,0
994,tolQ,1,0.005,0.00472255,0.001665726,2,0.091463183,0.032260672
995,tolQ,1,0.005,0.00472255,0.001665726,3,0.03482077,0.012281897
996,tolQ,1,0.005,0.00472255,0.001665726,4,0.064874498,0.022882375
997,tolQ,1,0.005,0.00472255,0.001665726,5,0.067326403,0.023747206
998,tolQ,1,0.005,0.00472255,0.001665726,6,0.033274384,0.01173646
999,tolQ,1,0.005,0.00472255,0.001665726,7,0,0
1000,tolQ,1,0.02,0.01459854,0.003240418,0,0.0334261,0.007419546
1001,tolQ,1,0.02,0.01459854,0.003240418,1,0.037595818,0.008345092
1002,tolQ,1,0.02,0.01459854,0.003240418,2,0.036769295,0.00816163
1003,tolQ,1,0.02,0.01459854,0.003240418,3,0.019270311,0.004277405
1004,tolQ,1,0.02,0.01459854,0.003240418,4,0.031335024,0.006955392
1005,tolQ,1,0.02,0.01459854,0.003240418,5,0.00967639,0.002147855
1006,tolQ,1,0.02,0.01459854,0.003240418,6,0,0
1007,tolQ,1,0.02,0.01459854,0.003240418,7,0.009173819,0.0020363
1008,tolQ,2,0.002,0.001972387,0.00098522,0,0.380091199,0.189858066
1009,tolQ,2,0.002,0.001972387,0.00098522,1,0.376898016,0.188263049
1010,tolQ,2,0.002,0.001972387,0.00098522,2,0.360922449,0.180283148
1011,tolQ,2,0.002,0.001972387,0.00098522,3,0.463427971,0.231485334
1012,tolQ,2,0.002,0.001972387,0.00098522,4,0.63499031,0.317181856
1013,tolQ,2,0.002,0.001972387,0.00098522,5,0.535779018,0.26762516
1014,tolQ,2,0.002,0.001972387,0.00098522,6,0.498998246,0.249252921
1015,tolQ,2,0.002,0.001972387,0.00098522,7,,
1016,tolQ,2,0.005,0.00472255,0.001665726,0,0.203425911,0.071751893
1017,tolQ,2,0.005,0.00472255,0.001665726,1,0.21528091,0.07593336
1018,tolQ,2,0.005,0.00472255,0.001665726,2,0.304877276,0.107535573
1019,tolQ,2,0.005,0.00472255,0.001665726,3,0.313386929,0.110537077
1020,tolQ,2,0.005,0.00472255,0.001665726,4,0.324372488,0.114411876
1021,tolQ,2,0.005,0.00472255,0.001665726,5,0.437621622,0.154356836
1022,tolQ,2,0.005,0.00472255,0.001665726,6,0.266195069,0.093891678
1023,tolQ,2,0.005,0.00472255,0.001665726,7,0.17671784,0.062331488
1024,tolQ,2,0.02,0.01459854,0.003240418,0,0.167130502,0.037097729
1025,tolQ,2,0.02,0.01459854,0.003240418,1,0.103388501,0.022949004
1026,tolQ,2,0.02,0.01459854,0.003240418,2,0.156269505,0.034686928
1027,tolQ,2,0.02,0.01459854,0.003240418,3,0.163797647,0.03635794
1028,tolQ,2,0.02,0.01459854,0.003240418,4,0.167120128,0.037095426
1029,tolQ,2,0.02,0.01459854,0.003240418,5,0.13546946,0.030069971
1030,tolQ,2,0.02,0.01459854,0.003240418,6,0.150687241,0.033447841
1031,tolQ,2,0.02,0.01459854,0.003240418,7,0.165128735,0.036653399
1032,tolQ,3,0.002,0.001972387,0.00098522,0,1.140273598,0.569574197
1033,tolQ,3,0.002,0.001972387,0.00098522,1,0.848020535,0.423591861
1034,tolQ,3,0.002,0.001972387,0.00098522,2,0.81207551,0.405637083
1035,tolQ,3,0.002,0.001972387,0.00098522,3,1.019541535,0.509267734
1036,tolQ,3,0.002,0.001972387,0.00098522,4,1.360693521,0.679675405
1037,tolQ,3,0.002,0.001972387,0.00098522,5,1.160854539,0.579854513
1038,tolQ,3,0.002,0.001972387,0.00098522,6,0.914830118,0.456963689
1039,tolQ,3,0.002,0.001972387,0.00098522,7,,
1040,tolQ,3,0.005,0.00472255,0.001665726,0,0.576373414,0.203297031
1041,tolQ,3,0.005,0.00472255,0.001665726,1,,
1042,tolQ,3,0.005,0.00472255,0.001665726,2,0.579266823,0.204317588
1043,tolQ,3,0.005,0.00472255,0.001665726,3,,
1044,tolQ,3,0.005,0.00472255,0.001665726,4,,
1045,tolQ,3,0.005,0.00472255,0.001665726,5,,
1046,tolQ,3,0.005,0.00472255,0.001665726,6,,
1047,tolQ,3,0.005,0.00472255,0.001665726,7,,
1048,tolQ,3,0.02,0.01459854,0.003240418,0,,
1049,tolQ,3,0.02,0.01459854,0.003240418,1,,
1050,tolQ,3,0.02,0.01459854,0.003240418,2,,
1051,tolQ,3,0.02,0.01459854,0.003240418,3,,
1052,tolQ,3,0.02,0.01459854,0.003240418,4,,
1053,tolQ,3,0.02,0.01459854,0.003240418,5,,
1054,tolQ,3,0.02,0.01459854,0.003240418,6,,
1055,tolQ,3,0.02,0.01459854,0.003240418,7,,
1056,ychJ,0,0.002,0.007215007,0.001607494,0,0,0
1057,ychJ,0,0.002,0.007215007,0.001607494,1,0,0
1058,ychJ,0,0.002,0.007215007,0.001607494,2,0,0
1059,ychJ,0,0.002,0.007215007,0.001607494,3,0.050952614,0.011352175
1060,ychJ,0,0.002,0.007215007,0.001607494,4,0.027673692,0.006165662
1061,ychJ,0,0.002,0.007215007,0.001607494,5,0,0
1062,ychJ,0,0.002,0.007215007,0.001607494,6,0.050547819,0.011261987
1063,ychJ,0,0.002,0.007215007,0.001607494,7,0,0
1064,ychJ,0,0.005,0.00422427,0.001270972,0,0,0
1065,ychJ,0,0.005,0.00422427,0.001270972,1,0,0
1066,ychJ,0,0.005,0.00422427,0.001270972,2,0,0
1067,ychJ,0,0.005,0.00422427,0.001270972,3,0.038276102,0.011516278
1068,ychJ,0,0.005,0.00422427,0.001270972,4,,
1069,ychJ,0,0.005,0.00422427,0.001270972,5,0.035535045,0.010691566
1070,ychJ,0,0.005,0.00422427,0.001270972,6,0.036179379,0.010885429
1071,ychJ,0,0.005,0.00422427,0.001270972,7,0,0
1072,ychJ,0,0.02,0.014164306,0.002812727,0,0.028767873,0.005712682
1073,ychJ,0,0.02,0.014164306,0.002812727,1,0.010015289,0.001988821
1074,ychJ,0,0.02,0.014164306,0.002812727,2,0.019903498,0.003952407
1075,ychJ,0,0.02,0.014164306,0.002812727,3,0.010597739,0.002104483
1076,ychJ,0,0.02,0.014164306,0.002812727,4,0.056171444,0.011154442
1077,ychJ,0,0.02,0.014164306,0.002812727,5,0.029607404,0.005879394
1078,ychJ,0,0.02,0.014164306,0.002812727,6,0.017777115,0.003530153
1079,ychJ,0,0.02,0.014164306,0.002812727,7,0.009144757,0.001815952
1080,ychJ,1,0.002,0.007215007,0.001607494,0,0.072655064,0.016187452
1081,ychJ,1,0.002,0.007215007,0.001607494,1,0.259035498,0.057712767
1082,ychJ,1,0.002,0.007215007,0.001607494,2,0.190265505,0.042390903
1083,ychJ,1,0.002,0.007215007,0.001607494,3,0.076428922,0.017028263
1084,ychJ,1,0.002,0.007215007,0.001607494,4,0.138368462,0.03082831
1085,ychJ,1,0.002,0.007215007,0.001607494,5,0.050820951,0.011322841
1086,ychJ,1,0.002,0.007215007,0.001607494,6,0.151643456,0.033785961
1087,ychJ,1,0.002,0.007215007,0.001607494,7,0.176917365,0.039416955
1088,ychJ,1,0.005,0.00422427,0.001270972,0,0.107344016,0.032297007
1089,ychJ,1,0.005,0.00422427,0.001270972,1,0.194640526,0.058562244
1090,ychJ,1,0.005,0.00422427,0.001270972,2,0.207183408,0.06233607
1091,ychJ,1,0.005,0.00422427,0.001270972,3,0.344484922,0.103646505
1092,ychJ,1,0.005,0.00422427,0.001270972,4,,
1093,ychJ,1,0.005,0.00422427,0.001270972,5,0.213210269,0.064149395
1094,ychJ,1,0.005,0.00422427,0.001270972,6,0.253255653,0.076198003
1095,ychJ,1,0.005,0.00422427,0.001270972,7,0.158050283,0.047553197
1096,ychJ,1,0.02,0.014164306,0.002812727,0,0.115071494,0.022850727
1097,ychJ,1,0.02,0.014164306,0.002812727,1,0.070107023,0.013921749
1098,ychJ,1,0.02,0.014164306,0.002812727,2,0.09951749,0.019762036
1099,ychJ,1,0.02,0.014164306,0.002812727,3,0.16956383,0.033671734
1100,ychJ,1,0.02,0.014164306,0.002812727,4,0.084257166,0.016731663
1101,ychJ,1,0.02,0.014164306,0.002812727,5,0.039476539,0.007839193
1102,ychJ,1,0.02,0.014164306,0.002812727,6,0.062219904,0.012355536
1103,ychJ,1,0.02,0.014164306,0.002812727,7,0.064013297,0.012711666
1104,ychJ,2,0.002,0.007215007,0.001607494,0,0.581240515,0.129499619
1105,ychJ,2,0.002,0.007215007,0.001607494,1,0.569878097,0.126968087
1106,ychJ,2,0.002,0.007215007,0.001607494,2,0.523230138,0.116574983
1107,ychJ,2,0.002,0.007215007,0.001607494,3,0.484049838,0.107845664
1108,ychJ,2,0.002,0.007215007,0.001607494,4,0.581147538,0.129478904
1109,ychJ,2,0.002,0.007215007,0.001607494,5,0.508209509,0.113228407
1110,ychJ,2,0.002,0.007215007,0.001607494,6,0.379108639,0.084464904
1111,ychJ,2,0.002,0.007215007,0.001607494,7,0.556026004,0.123881859
1112,ychJ,2,0.005,0.00422427,0.001270972,0,0.644064096,0.193782045
1113,ychJ,2,0.005,0.00422427,0.001270972,1,0.778562103,0.234248978
1114,ychJ,2,0.005,0.00422427,0.001270972,2,0.587019656,0.176618864
1115,ychJ,2,0.005,0.00422427,0.001270972,3,0.76552205,0.230325567
1116,ychJ,2,0.005,0.00422427,0.001270972,4,,
1117,ychJ,2,0.005,0.00422427,0.001270972,5,0.675165851,0.203139749
1118,ychJ,2,0.005,0.00422427,0.001270972,6,0.795946338,0.239479439
1119,ychJ,2,0.005,0.00422427,0.001270972,7,1.145864553,0.34476068
1120,ychJ,2,0.02,0.014164306,0.002812727,0,0.230142988,0.045701453
1121,ychJ,2,0.02,0.014164306,0.002812727,1,0.280428091,0.055686995
1122,ychJ,2,0.02,0.014164306,0.002812727,2,0.308504219,0.06126231
1123,ychJ,2,0.02,0.014164306,0.002812727,3,0.3497254,0.069447951
1124,ychJ,2,0.02,0.014164306,0.002812727,4,0.290219128,0.057631284
1125,ychJ,2,0.02,0.014164306,0.002812727,5,0.355288852,0.070552734
1126,ychJ,2,0.02,0.014164306,0.002812727,6,0.373319423,0.074133218
1127,ychJ,2,0.02,0.014164306,0.002812727,7,0.283487459,0.056294519
1128,ychJ,3,0.002,0.007215007,0.001607494,0,,
1129,ychJ,3,0.002,0.007215007,0.001607494,1,,
1130,ychJ,3,0.002,0.007215007,0.001607494,2,,
1131,ychJ,3,0.002,0.007215007,0.001607494,3,,
1132,ychJ,3,0.002,0.007215007,0.001607494,4,,
1133,ychJ,3,0.002,0.007215007,0.001607494,5,,
1134,ychJ,3,0.002,0.007215007,0.001607494,6,,
1135,ychJ,3,0.002,0.007215007,0.001607494,7,,
1136,ychJ,3,0.005,0.00422427,0.001270972,0,,
1137,ychJ,3,0.005,0.00422427,0.001270972,1,,
1138,ychJ,3,0.005,0.00422427,0.001270972,2,,
1139,ychJ,3,0.005,0.00422427,0.001270972,3,,
1140,ychJ,3,0.005,0.00422427,0.001270972,4,,
1141,ychJ,3,0.005,0.00422427,0.001270972,5,,
1142,ychJ,3,0.005,0.00422427,0.001270972,6,,
1143,ychJ,3,0.005,0.00422427,0.001270972,7,,
1144,ychJ,3,0.02,0.014164306,0.002812727,0,,
1145,ychJ,3,0.02,0.014164306,0.002812727,1,,
1146,ychJ,3,0.02,0.014164306,0.002812727,2,,
1147,ychJ,3,0.02,0.014164306,0.002812727,3,,
1148,ychJ,3,0.02,0.014164306,0.002812727,4,,
1149,ychJ,3,0.02,0.014164306,0.002812727,5,,
1150,ychJ,3,0.02,0.014164306,0.002812727,6,,
1151,ychJ,3,0.02,0.014164306,0.002812727,7,,